model,feature_set,region,rows,positive_rows,precision,recall,f1,roc_auc,pr_auc,true_negative,false_positive,false_negative,true_positive
dnn_no_class_weight,core_no_BUS,Central,728,10,0.0,0.0,0.0,0.7229805013927576,0.08579385659445021,718,0,10,0
dnn_no_class_weight,core_no_BUS,East,416,7,0.4,0.2857142857142857,0.3333333333333333,0.7474676912329724,0.2847670399184848,406,3,5,2
dnn_no_class_weight,core_no_BUS,North,884,18,0.0,0.0,0.0,0.3464203233256351,0.014999759698467495,865,1,18,0
dnn_no_class_weight,core_no_BUS,Northeast,1040,120,0.4152542372881356,0.4083333333333333,0.4117647058823529,0.7372916666666667,0.38811017109070234,851,69,71,49
dnn_no_class_weight,core_no_BUS,South,728,4,0.0,0.0,0.0,0.8846685082872929,0.04916316100399656,718,6,4,0
dnn_no_class_weight,core_no_BUS,West,208,2,0.0,0.0,0.0,0.25485436893203883,0.009484527448599305,206,0,2,0
dnn_no_class_weight,core_plus_all_analog,Central,728,10,0.0,0.0,0.0,0.7119777158774374,0.04044421980277056,696,22,10,0
dnn_no_class_weight,core_plus_all_analog,East,416,7,0.08823529411764706,0.42857142857142855,0.14634146341463417,0.6821515892420538,0.06522369651256715,378,31,4,3
dnn_no_class_weight,core_plus_all_analog,North,884,18,0.0,0.0,0.0,0.33211444701052095,0.014857251264953285,806,60,18,0
dnn_no_class_weight,core_plus_all_analog,Northeast,1040,120,0.29918032786885246,0.6083333333333333,0.4010989010989011,0.7652717391304349,0.3600316566423075,749,171,47,73
dnn_no_class_weight,core_plus_all_analog,South,728,4,0.09090909090909091,0.5,0.15384615384615385,0.9185082872928176,0.05467171717171718,704,20,2,2
dnn_no_class_weight,core_plus_all_analog,West,208,2,0.0,0.0,0.0,0.25,0.009377469122967521,206,0,2,0
dnn_no_class_weight,core_plus_analog_and_geographic,Central,728,10,0.0,0.0,0.0,0.7119777158774374,0.04044421980277056,696,22,10,0
dnn_no_class_weight,core_plus_analog_and_geographic,East,416,7,0.08823529411764706,0.42857142857142855,0.14634146341463417,0.6821515892420538,0.06522369651256715,378,31,4,3
dnn_no_class_weight,core_plus_analog_and_geographic,North,884,18,0.0,0.0,0.0,0.33211444701052095,0.014857251264953285,806,60,18,0
dnn_no_class_weight,core_plus_analog_and_geographic,Northeast,1040,120,0.29918032786885246,0.6083333333333333,0.4010989010989011,0.7652717391304349,0.3600316566423075,749,171,47,73
dnn_no_class_weight,core_plus_analog_and_geographic,South,728,4,0.09090909090909091,0.5,0.15384615384615385,0.9185082872928176,0.05467171717171718,704,20,2,2
dnn_no_class_weight,core_plus_analog_and_geographic,West,208,2,0.0,0.0,0.0,0.25,0.009377469122967521,206,0,2,0
dnn_no_class_weight,core_plus_analog_history,Central,728,10,0.0,0.0,0.0,0.7174094707520892,0.04663404278858371,714,4,10,0
dnn_no_class_weight,core_plus_analog_history,East,416,7,0.2,0.14285714285714285,0.16666666666666666,0.7453719874257771,0.16028115224401576,405,4,6,1
dnn_no_class_weight,core_plus_analog_history,North,884,18,0.0,0.0,0.0,0.33307672568642543,0.014788255250075337,858,8,18,0
dnn_no_class_weight,core_plus_analog_history,Northeast,1040,120,0.38095238095238093,0.5333333333333333,0.4444444444444444,0.7833242753623189,0.3817943561807117,816,104,56,64
dnn_no_class_weight,core_plus_analog_history,South,728,4,0.0,0.0,0.0,0.9281767955801106,0.05816378066378067,719,5,4,0
dnn_no_class_weight,core_plus_analog_history,West,208,2,0.0,0.0,0.0,0.2184466019417476,0.009122287968441814,206,0,2,0
dnn_no_class_weight,core_plus_analog_pressure,Central,728,10,0.0,0.0,0.0,0.7116991643454039,0.1022641696499099,717,1,10,0
dnn_no_class_weight,core_plus_analog_pressure,East,416,7,0.25,0.14285714285714285,0.18181818181818182,0.7261613691931541,0.24256553752423765,406,3,6,1
dnn_no_class_weight,core_plus_analog_pressure,North,884,18,0.0,0.0,0.0,0.3787528868360277,0.01585522610030228,861,5,18,0
dnn_no_class_weight,core_plus_analog_pressure,Northeast,1040,120,0.35766423357664234,0.4083333333333333,0.3813229571984436,0.7153713768115944,0.3602476839699985,832,88,71,49
dnn_no_class_weight,core_plus_analog_pressure,South,728,4,0.0,0.0,0.0,0.8791436464088398,0.08251518218623481,721,3,4,0
dnn_no_class_weight,core_plus_analog_pressure,West,208,2,0.0,0.0,0.0,0.24757281553398058,0.009468302658486707,206,0,2,0
dnn_no_class_weight,core_plus_geographic_pressure_only,Central,728,10,0.0,0.0,0.0,0.7229805013927576,0.08579385659445021,718,0,10,0
dnn_no_class_weight,core_plus_geographic_pressure_only,East,416,7,0.4,0.2857142857142857,0.3333333333333333,0.7474676912329724,0.2847670399184848,406,3,5,2
dnn_no_class_weight,core_plus_geographic_pressure_only,North,884,18,0.0,0.0,0.0,0.3464203233256351,0.014999759698467495,865,1,18,0
dnn_no_class_weight,core_plus_geographic_pressure_only,Northeast,1040,120,0.4152542372881356,0.4083333333333333,0.4117647058823529,0.7372916666666667,0.38811017109070234,851,69,71,49
dnn_no_class_weight,core_plus_geographic_pressure_only,South,728,4,0.0,0.0,0.0,0.8846685082872929,0.04916316100399656,718,6,4,0
dnn_no_class_weight,core_plus_geographic_pressure_only,West,208,2,0.0,0.0,0.0,0.25485436893203883,0.009484527448599305,206,0,2,0
random_forest,core_no_BUS,Central,728,10,0.07142857142857142,0.1,0.08333333333333333,0.7416434540389971,0.04277197549597929,705,13,9,1
random_forest,core_no_BUS,East,416,7,0.3,0.42857142857142855,0.3529411764705882,0.703807195249738,0.37245568867769074,402,7,4,3
random_forest,core_no_BUS,North,884,18,0.0,0.0,0.0,0.5221324095458044,0.02364663071371244,866,0,18,0
random_forest,core_no_BUS,Northeast,1040,120,0.41025641025641024,0.4,0.4050632911392405,0.718179347826087,0.32356293953970205,851,69,72,48
random_forest,core_no_BUS,South,728,4,0.0,0.0,0.0,0.7907458563535912,0.01738394637491023,723,1,4,0
random_forest,core_no_BUS,West,208,2,0.0,0.0,0.0,0.38349514563106796,0.011416361416361417,206,0,2,0
random_forest,core_plus_all_analog,Central,728,10,0.08695652173913043,0.2,0.12121212121212122,0.7214484679665739,0.08148980903039951,697,21,8,2
random_forest,core_plus_all_analog,East,416,7,0.09375,0.42857142857142855,0.15384615384615383,0.7586447782046803,0.18468075386076466,380,29,4,3
random_forest,core_plus_all_analog,North,884,18,0.0,0.0,0.0,0.5394534257120862,0.022932103798611426,838,28,18,0
random_forest,core_plus_all_analog,Northeast,1040,120,0.34615384615384615,0.6,0.43902439024390244,0.783233695652174,0.39440251108815494,784,136,48,72
random_forest,core_plus_all_analog,South,728,4,0.0,0.0,0.0,0.8805248618784531,0.028093156843156844,711,13,4,0
random_forest,core_plus_all_analog,West,208,2,0.0,0.0,0.0,0.3131067961165048,0.010310290652003142,206,0,2,0
random_forest,core_plus_analog_and_geographic,Central,728,10,0.08695652173913043,0.2,0.12121212121212122,0.7214484679665739,0.08148980903039951,697,21,8,2
random_forest,core_plus_analog_and_geographic,East,416,7,0.09375,0.42857142857142855,0.15384615384615383,0.7586447782046803,0.18468075386076466,380,29,4,3
random_forest,core_plus_analog_and_geographic,North,884,18,0.0,0.0,0.0,0.5394534257120862,0.022932103798611426,838,28,18,0
random_forest,core_plus_analog_and_geographic,Northeast,1040,120,0.34615384615384615,0.6,0.43902439024390244,0.783233695652174,0.39440251108815494,784,136,48,72
random_forest,core_plus_analog_and_geographic,South,728,4,0.0,0.0,0.0,0.8805248618784531,0.028093156843156844,711,13,4,0
random_forest,core_plus_analog_and_geographic,West,208,2,0.0,0.0,0.0,0.3131067961165048,0.010310290652003142,206,0,2,0
random_forest,core_plus_analog_history,Central,728,10,0.07692307692307693,0.2,0.1111111111111111,0.7162952646239554,0.07911458000171628,694,24,8,2
random_forest,core_plus_analog_history,East,416,7,0.075,0.42857142857142855,0.1276595744680851,0.7460705553615089,0.16336461413833825,372,37,4,3
random_forest,core_plus_analog_history,North,884,18,0.0,0.0,0.0,0.562997177315884,0.02464606539174944,830,36,18,0
random_forest,core_plus_analog_history,Northeast,1040,120,0.32456140350877194,0.6166666666666667,0.4252873563218391,0.7845289855072464,0.38682851002217855,766,154,46,74
random_forest,core_plus_analog_history,South,728,4,0.0,0.0,0.0,0.9109116022099447,0.03914953580901857,713,11,4,0
random_forest,core_plus_analog_history,West,208,2,0.0,0.0,0.0,0.3349514563106796,0.010684430512016719,206,0,2,0
random_forest,core_plus_analog_pressure,Central,728,10,0.125,0.2,0.15384615384615385,0.7586350974930363,0.047443603873202664,704,14,8,2
random_forest,core_plus_analog_pressure,East,416,7,0.25,0.42857142857142855,0.3157894736842105,0.701012923506811,0.38647226557464004,400,9,4,3
random_forest,core_plus_analog_pressure,North,884,18,0.0,0.0,0.0,0.527264562483962,0.026192860686242676,861,5,18,0
random_forest,core_plus_analog_pressure,Northeast,1040,120,0.3464052287581699,0.44166666666666665,0.3882783882783883,0.7267934782608695,0.33303713746526387,820,100,67,53
random_forest,core_plus_analog_pressure,South,728,4,0.0,0.0,0.0,0.7748618784530386,0.017692964226093066,722,2,4,0
random_forest,core_plus_analog_pressure,West,208,2,0.0,0.0,0.0,0.4004854368932039,0.011884169389454802,205,1,2,0
random_forest,core_plus_geographic_pressure_only,Central,728,10,0.07142857142857142,0.1,0.08333333333333333,0.7416434540389971,0.04277197549597929,705,13,9,1
random_forest,core_plus_geographic_pressure_only,East,416,7,0.3,0.42857142857142855,0.3529411764705882,0.703807195249738,0.37245568867769074,402,7,4,3
random_forest,core_plus_geographic_pressure_only,North,884,18,0.0,0.0,0.0,0.5221324095458044,0.02364663071371244,866,0,18,0
random_forest,core_plus_geographic_pressure_only,Northeast,1040,120,0.41025641025641024,0.4,0.4050632911392405,0.718179347826087,0.32356293953970205,851,69,72,48
random_forest,core_plus_geographic_pressure_only,South,728,4,0.0,0.0,0.0,0.7907458563535912,0.01738394637491023,723,1,4,0
random_forest,core_plus_geographic_pressure_only,West,208,2,0.0,0.0,0.0,0.38349514563106796,0.011416361416361417,206,0,2,0
