feature_set,feature,feature_type,included,notes
core_no_BUS,__feature_set__,definition,True,Existing corrected-label core_no_BUS baseline including existing geographic/regional pressure features.
core_no_BUS,temperature_mean,numeric,True,core_no_BUS
core_no_BUS,humidity_mean,numeric,True,core_no_BUS
core_no_BUS,rainfall_sum,numeric,True,core_no_BUS
core_no_BUS,leaf_wet_hours,numeric,True,core_no_BUS
core_no_BUS,leaf_wet_ratio,numeric,True,core_no_BUS
core_no_BUS,rolling_2w_leaf_wet_hours,numeric,True,core_no_BUS
core_no_BUS,rolling_3w_leaf_wet_hours,numeric,True,core_no_BUS
core_no_BUS,risk_score,numeric,True,core_no_BUS
core_no_BUS,rolling_2w_risk,numeric,True,core_no_BUS
core_no_BUS,rolling_3w_risk,numeric,True,core_no_BUS
core_no_BUS,susceptibility_score,numeric,True,core_no_BUS
core_no_BUS,total_pov_area,numeric,True,core_no_BUS
core_no_BUS,pov_variety_count,numeric,True,core_no_BUS
core_no_BUS,host_weighted_risk,numeric,True,core_no_BUS
core_no_BUS,host_weighted_rolling_2w,numeric,True,core_no_BUS
core_no_BUS,host_weighted_rolling_3w,numeric,True,core_no_BUS
core_no_BUS,neighbor_prevweek_risk,numeric,True,core_no_BUS
core_no_BUS,neighbor_prevweek_blast,numeric,True,core_no_BUS
core_no_BUS,spatial_host_weather_risk,numeric,True,core_no_BUS
core_no_BUS,prevailing_wind_direction,numeric,True,core_no_BUS
core_no_BUS,wind_direction_variability,numeric,True,core_no_BUS
core_no_BUS,mean_wind_speed,numeric,True,core_no_BUS
core_no_BUS,max_wind_speed,numeric,True,core_no_BUS
core_no_BUS,mean_wind_gust,numeric,True,core_no_BUS
core_no_BUS,humid_wind_hours,numeric,True,core_no_BUS
core_no_BUS,leaf_wet_wind_hours,numeric,True,core_no_BUS
core_no_BUS,wind_aligned_neighbor_blast,numeric,True,core_no_BUS
core_no_BUS,wind_aligned_neighbor_count,numeric,True,core_no_BUS
core_no_BUS,regional_neighbor_pressure_2w,numeric,True,core_no_BUS
core_no_BUS,regional_neighbor_pressure_3w,numeric,True,core_no_BUS
core_no_BUS,regional_leaf_wet_accumulation,numeric,True,core_no_BUS
core_no_BUS,regional_host_pressure,numeric,True,core_no_BUS
core_no_BUS,regional_wind_alignment_frequency,numeric,True,core_no_BUS
core_no_BUS,week_sin,numeric,True,core_no_BUS
core_no_BUS,week_cos,numeric,True,core_no_BUS
core_no_BUS,province,categorical_encoded,True,one-hot encoded
core_no_BUS,region,categorical_encoded,True,one-hot encoded
core_plus_analog_history,__feature_set__,definition,True,Core plus similarity-weighted analog outbreak-history features.
core_plus_analog_history,temperature_mean,numeric,True,core_no_BUS
core_plus_analog_history,humidity_mean,numeric,True,core_no_BUS
core_plus_analog_history,rainfall_sum,numeric,True,core_no_BUS
core_plus_analog_history,leaf_wet_hours,numeric,True,core_no_BUS
core_plus_analog_history,leaf_wet_ratio,numeric,True,core_no_BUS
core_plus_analog_history,rolling_2w_leaf_wet_hours,numeric,True,core_no_BUS
core_plus_analog_history,rolling_3w_leaf_wet_hours,numeric,True,core_no_BUS
core_plus_analog_history,risk_score,numeric,True,core_no_BUS
core_plus_analog_history,rolling_2w_risk,numeric,True,core_no_BUS
core_plus_analog_history,rolling_3w_risk,numeric,True,core_no_BUS
core_plus_analog_history,susceptibility_score,numeric,True,core_no_BUS
core_plus_analog_history,total_pov_area,numeric,True,core_no_BUS
core_plus_analog_history,pov_variety_count,numeric,True,core_no_BUS
core_plus_analog_history,host_weighted_risk,numeric,True,core_no_BUS
core_plus_analog_history,host_weighted_rolling_2w,numeric,True,core_no_BUS
core_plus_analog_history,host_weighted_rolling_3w,numeric,True,core_no_BUS
core_plus_analog_history,neighbor_prevweek_risk,numeric,True,core_no_BUS
core_plus_analog_history,neighbor_prevweek_blast,numeric,True,core_no_BUS
core_plus_analog_history,spatial_host_weather_risk,numeric,True,core_no_BUS
core_plus_analog_history,prevailing_wind_direction,numeric,True,core_no_BUS
core_plus_analog_history,wind_direction_variability,numeric,True,core_no_BUS
core_plus_analog_history,mean_wind_speed,numeric,True,core_no_BUS
core_plus_analog_history,max_wind_speed,numeric,True,core_no_BUS
core_plus_analog_history,mean_wind_gust,numeric,True,core_no_BUS
core_plus_analog_history,humid_wind_hours,numeric,True,core_no_BUS
core_plus_analog_history,leaf_wet_wind_hours,numeric,True,core_no_BUS
core_plus_analog_history,wind_aligned_neighbor_blast,numeric,True,core_no_BUS
core_plus_analog_history,wind_aligned_neighbor_count,numeric,True,core_no_BUS
core_plus_analog_history,regional_neighbor_pressure_2w,numeric,True,core_no_BUS
core_plus_analog_history,regional_neighbor_pressure_3w,numeric,True,core_no_BUS
core_plus_analog_history,regional_leaf_wet_accumulation,numeric,True,core_no_BUS
core_plus_analog_history,regional_host_pressure,numeric,True,core_no_BUS
core_plus_analog_history,regional_wind_alignment_frequency,numeric,True,core_no_BUS
core_plus_analog_history,week_sin,numeric,True,core_no_BUS
core_plus_analog_history,week_cos,numeric,True,core_no_BUS
core_plus_analog_history,analog_prevweek_blast,numeric,True,analog
core_plus_analog_history,analog_outbreak_frequency_train,numeric,True,analog
core_plus_analog_history,province,categorical_encoded,True,one-hot encoded
core_plus_analog_history,region,categorical_encoded,True,one-hot encoded
core_plus_analog_pressure,__feature_set__,definition,True,"Core plus similarity-weighted analog risk, moisture, host, and pressure features."
core_plus_analog_pressure,temperature_mean,numeric,True,core_no_BUS
core_plus_analog_pressure,humidity_mean,numeric,True,core_no_BUS
core_plus_analog_pressure,rainfall_sum,numeric,True,core_no_BUS
core_plus_analog_pressure,leaf_wet_hours,numeric,True,core_no_BUS
core_plus_analog_pressure,leaf_wet_ratio,numeric,True,core_no_BUS
core_plus_analog_pressure,rolling_2w_leaf_wet_hours,numeric,True,core_no_BUS
core_plus_analog_pressure,rolling_3w_leaf_wet_hours,numeric,True,core_no_BUS
core_plus_analog_pressure,risk_score,numeric,True,core_no_BUS
core_plus_analog_pressure,rolling_2w_risk,numeric,True,core_no_BUS
core_plus_analog_pressure,rolling_3w_risk,numeric,True,core_no_BUS
core_plus_analog_pressure,susceptibility_score,numeric,True,core_no_BUS
core_plus_analog_pressure,total_pov_area,numeric,True,core_no_BUS
core_plus_analog_pressure,pov_variety_count,numeric,True,core_no_BUS
core_plus_analog_pressure,host_weighted_risk,numeric,True,core_no_BUS
core_plus_analog_pressure,host_weighted_rolling_2w,numeric,True,core_no_BUS
core_plus_analog_pressure,host_weighted_rolling_3w,numeric,True,core_no_BUS
core_plus_analog_pressure,neighbor_prevweek_risk,numeric,True,core_no_BUS
core_plus_analog_pressure,neighbor_prevweek_blast,numeric,True,core_no_BUS
core_plus_analog_pressure,spatial_host_weather_risk,numeric,True,core_no_BUS
core_plus_analog_pressure,prevailing_wind_direction,numeric,True,core_no_BUS
core_plus_analog_pressure,wind_direction_variability,numeric,True,core_no_BUS
core_plus_analog_pressure,mean_wind_speed,numeric,True,core_no_BUS
core_plus_analog_pressure,max_wind_speed,numeric,True,core_no_BUS
core_plus_analog_pressure,mean_wind_gust,numeric,True,core_no_BUS
core_plus_analog_pressure,humid_wind_hours,numeric,True,core_no_BUS
core_plus_analog_pressure,leaf_wet_wind_hours,numeric,True,core_no_BUS
core_plus_analog_pressure,wind_aligned_neighbor_blast,numeric,True,core_no_BUS
core_plus_analog_pressure,wind_aligned_neighbor_count,numeric,True,core_no_BUS
core_plus_analog_pressure,regional_neighbor_pressure_2w,numeric,True,core_no_BUS
core_plus_analog_pressure,regional_neighbor_pressure_3w,numeric,True,core_no_BUS
core_plus_analog_pressure,regional_leaf_wet_accumulation,numeric,True,core_no_BUS
core_plus_analog_pressure,regional_host_pressure,numeric,True,core_no_BUS
core_plus_analog_pressure,regional_wind_alignment_frequency,numeric,True,core_no_BUS
core_plus_analog_pressure,week_sin,numeric,True,core_no_BUS
core_plus_analog_pressure,week_cos,numeric,True,core_no_BUS
core_plus_analog_pressure,analog_prevweek_risk,numeric,True,analog
core_plus_analog_pressure,analog_2w_pressure,numeric,True,analog
core_plus_analog_pressure,analog_leaf_wet_pressure,numeric,True,analog
core_plus_analog_pressure,analog_regional_leaf_wet_pressure,numeric,True,analog
core_plus_analog_pressure,analog_host_pressure,numeric,True,analog
core_plus_analog_pressure,province,categorical_encoded,True,one-hot encoded
core_plus_analog_pressure,region,categorical_encoded,True,one-hot encoded
core_plus_all_analog,__feature_set__,definition,True,Core plus all analog history and pressure features.
core_plus_all_analog,temperature_mean,numeric,True,core_no_BUS
core_plus_all_analog,humidity_mean,numeric,True,core_no_BUS
core_plus_all_analog,rainfall_sum,numeric,True,core_no_BUS
core_plus_all_analog,leaf_wet_hours,numeric,True,core_no_BUS
core_plus_all_analog,leaf_wet_ratio,numeric,True,core_no_BUS
core_plus_all_analog,rolling_2w_leaf_wet_hours,numeric,True,core_no_BUS
core_plus_all_analog,rolling_3w_leaf_wet_hours,numeric,True,core_no_BUS
core_plus_all_analog,risk_score,numeric,True,core_no_BUS
core_plus_all_analog,rolling_2w_risk,numeric,True,core_no_BUS
core_plus_all_analog,rolling_3w_risk,numeric,True,core_no_BUS
core_plus_all_analog,susceptibility_score,numeric,True,core_no_BUS
core_plus_all_analog,total_pov_area,numeric,True,core_no_BUS
core_plus_all_analog,pov_variety_count,numeric,True,core_no_BUS
core_plus_all_analog,host_weighted_risk,numeric,True,core_no_BUS
core_plus_all_analog,host_weighted_rolling_2w,numeric,True,core_no_BUS
core_plus_all_analog,host_weighted_rolling_3w,numeric,True,core_no_BUS
core_plus_all_analog,neighbor_prevweek_risk,numeric,True,core_no_BUS
core_plus_all_analog,neighbor_prevweek_blast,numeric,True,core_no_BUS
core_plus_all_analog,spatial_host_weather_risk,numeric,True,core_no_BUS
core_plus_all_analog,prevailing_wind_direction,numeric,True,core_no_BUS
core_plus_all_analog,wind_direction_variability,numeric,True,core_no_BUS
core_plus_all_analog,mean_wind_speed,numeric,True,core_no_BUS
core_plus_all_analog,max_wind_speed,numeric,True,core_no_BUS
core_plus_all_analog,mean_wind_gust,numeric,True,core_no_BUS
core_plus_all_analog,humid_wind_hours,numeric,True,core_no_BUS
core_plus_all_analog,leaf_wet_wind_hours,numeric,True,core_no_BUS
core_plus_all_analog,wind_aligned_neighbor_blast,numeric,True,core_no_BUS
core_plus_all_analog,wind_aligned_neighbor_count,numeric,True,core_no_BUS
core_plus_all_analog,regional_neighbor_pressure_2w,numeric,True,core_no_BUS
core_plus_all_analog,regional_neighbor_pressure_3w,numeric,True,core_no_BUS
core_plus_all_analog,regional_leaf_wet_accumulation,numeric,True,core_no_BUS
core_plus_all_analog,regional_host_pressure,numeric,True,core_no_BUS
core_plus_all_analog,regional_wind_alignment_frequency,numeric,True,core_no_BUS
core_plus_all_analog,week_sin,numeric,True,core_no_BUS
core_plus_all_analog,week_cos,numeric,True,core_no_BUS
core_plus_all_analog,analog_prevweek_blast,numeric,True,analog
core_plus_all_analog,analog_outbreak_frequency_train,numeric,True,analog
core_plus_all_analog,analog_prevweek_risk,numeric,True,analog
core_plus_all_analog,analog_2w_pressure,numeric,True,analog
core_plus_all_analog,analog_leaf_wet_pressure,numeric,True,analog
core_plus_all_analog,analog_regional_leaf_wet_pressure,numeric,True,analog
core_plus_all_analog,analog_host_pressure,numeric,True,analog
core_plus_all_analog,province,categorical_encoded,True,one-hot encoded
core_plus_all_analog,region,categorical_encoded,True,one-hot encoded
core_plus_geographic_pressure_only,__feature_set__,definition,True,"Comparator only: under current policy, geographic/regional pressure already exists in core_no_BUS."
core_plus_geographic_pressure_only,temperature_mean,numeric,True,core_no_BUS
core_plus_geographic_pressure_only,humidity_mean,numeric,True,core_no_BUS
core_plus_geographic_pressure_only,rainfall_sum,numeric,True,core_no_BUS
core_plus_geographic_pressure_only,leaf_wet_hours,numeric,True,core_no_BUS
core_plus_geographic_pressure_only,leaf_wet_ratio,numeric,True,core_no_BUS
core_plus_geographic_pressure_only,rolling_2w_leaf_wet_hours,numeric,True,core_no_BUS
core_plus_geographic_pressure_only,rolling_3w_leaf_wet_hours,numeric,True,core_no_BUS
core_plus_geographic_pressure_only,risk_score,numeric,True,core_no_BUS
core_plus_geographic_pressure_only,rolling_2w_risk,numeric,True,core_no_BUS
core_plus_geographic_pressure_only,rolling_3w_risk,numeric,True,core_no_BUS
core_plus_geographic_pressure_only,susceptibility_score,numeric,True,core_no_BUS
core_plus_geographic_pressure_only,total_pov_area,numeric,True,core_no_BUS
core_plus_geographic_pressure_only,pov_variety_count,numeric,True,core_no_BUS
core_plus_geographic_pressure_only,host_weighted_risk,numeric,True,core_no_BUS
core_plus_geographic_pressure_only,host_weighted_rolling_2w,numeric,True,core_no_BUS
core_plus_geographic_pressure_only,host_weighted_rolling_3w,numeric,True,core_no_BUS
core_plus_geographic_pressure_only,neighbor_prevweek_risk,numeric,True,core_no_BUS
core_plus_geographic_pressure_only,neighbor_prevweek_blast,numeric,True,core_no_BUS
core_plus_geographic_pressure_only,spatial_host_weather_risk,numeric,True,core_no_BUS
core_plus_geographic_pressure_only,prevailing_wind_direction,numeric,True,core_no_BUS
core_plus_geographic_pressure_only,wind_direction_variability,numeric,True,core_no_BUS
core_plus_geographic_pressure_only,mean_wind_speed,numeric,True,core_no_BUS
core_plus_geographic_pressure_only,max_wind_speed,numeric,True,core_no_BUS
core_plus_geographic_pressure_only,mean_wind_gust,numeric,True,core_no_BUS
core_plus_geographic_pressure_only,humid_wind_hours,numeric,True,core_no_BUS
core_plus_geographic_pressure_only,leaf_wet_wind_hours,numeric,True,core_no_BUS
core_plus_geographic_pressure_only,wind_aligned_neighbor_blast,numeric,True,core_no_BUS
core_plus_geographic_pressure_only,wind_aligned_neighbor_count,numeric,True,core_no_BUS
core_plus_geographic_pressure_only,regional_neighbor_pressure_2w,numeric,True,core_no_BUS
core_plus_geographic_pressure_only,regional_neighbor_pressure_3w,numeric,True,core_no_BUS
core_plus_geographic_pressure_only,regional_leaf_wet_accumulation,numeric,True,core_no_BUS
core_plus_geographic_pressure_only,regional_host_pressure,numeric,True,core_no_BUS
core_plus_geographic_pressure_only,regional_wind_alignment_frequency,numeric,True,core_no_BUS
core_plus_geographic_pressure_only,week_sin,numeric,True,core_no_BUS
core_plus_geographic_pressure_only,week_cos,numeric,True,core_no_BUS
core_plus_geographic_pressure_only,province,categorical_encoded,True,one-hot encoded
core_plus_geographic_pressure_only,region,categorical_encoded,True,one-hot encoded
core_plus_analog_and_geographic,__feature_set__,definition,True,Core already includes geographic pressure; this adds all analog features on top.
core_plus_analog_and_geographic,temperature_mean,numeric,True,core_no_BUS
core_plus_analog_and_geographic,humidity_mean,numeric,True,core_no_BUS
core_plus_analog_and_geographic,rainfall_sum,numeric,True,core_no_BUS
core_plus_analog_and_geographic,leaf_wet_hours,numeric,True,core_no_BUS
core_plus_analog_and_geographic,leaf_wet_ratio,numeric,True,core_no_BUS
core_plus_analog_and_geographic,rolling_2w_leaf_wet_hours,numeric,True,core_no_BUS
core_plus_analog_and_geographic,rolling_3w_leaf_wet_hours,numeric,True,core_no_BUS
core_plus_analog_and_geographic,risk_score,numeric,True,core_no_BUS
core_plus_analog_and_geographic,rolling_2w_risk,numeric,True,core_no_BUS
core_plus_analog_and_geographic,rolling_3w_risk,numeric,True,core_no_BUS
core_plus_analog_and_geographic,susceptibility_score,numeric,True,core_no_BUS
core_plus_analog_and_geographic,total_pov_area,numeric,True,core_no_BUS
core_plus_analog_and_geographic,pov_variety_count,numeric,True,core_no_BUS
core_plus_analog_and_geographic,host_weighted_risk,numeric,True,core_no_BUS
core_plus_analog_and_geographic,host_weighted_rolling_2w,numeric,True,core_no_BUS
core_plus_analog_and_geographic,host_weighted_rolling_3w,numeric,True,core_no_BUS
core_plus_analog_and_geographic,neighbor_prevweek_risk,numeric,True,core_no_BUS
core_plus_analog_and_geographic,neighbor_prevweek_blast,numeric,True,core_no_BUS
core_plus_analog_and_geographic,spatial_host_weather_risk,numeric,True,core_no_BUS
core_plus_analog_and_geographic,prevailing_wind_direction,numeric,True,core_no_BUS
core_plus_analog_and_geographic,wind_direction_variability,numeric,True,core_no_BUS
core_plus_analog_and_geographic,mean_wind_speed,numeric,True,core_no_BUS
core_plus_analog_and_geographic,max_wind_speed,numeric,True,core_no_BUS
core_plus_analog_and_geographic,mean_wind_gust,numeric,True,core_no_BUS
core_plus_analog_and_geographic,humid_wind_hours,numeric,True,core_no_BUS
core_plus_analog_and_geographic,leaf_wet_wind_hours,numeric,True,core_no_BUS
core_plus_analog_and_geographic,wind_aligned_neighbor_blast,numeric,True,core_no_BUS
core_plus_analog_and_geographic,wind_aligned_neighbor_count,numeric,True,core_no_BUS
core_plus_analog_and_geographic,regional_neighbor_pressure_2w,numeric,True,core_no_BUS
core_plus_analog_and_geographic,regional_neighbor_pressure_3w,numeric,True,core_no_BUS
core_plus_analog_and_geographic,regional_leaf_wet_accumulation,numeric,True,core_no_BUS
core_plus_analog_and_geographic,regional_host_pressure,numeric,True,core_no_BUS
core_plus_analog_and_geographic,regional_wind_alignment_frequency,numeric,True,core_no_BUS
core_plus_analog_and_geographic,week_sin,numeric,True,core_no_BUS
core_plus_analog_and_geographic,week_cos,numeric,True,core_no_BUS
core_plus_analog_and_geographic,analog_prevweek_blast,numeric,True,analog
core_plus_analog_and_geographic,analog_outbreak_frequency_train,numeric,True,analog
core_plus_analog_and_geographic,analog_prevweek_risk,numeric,True,analog
core_plus_analog_and_geographic,analog_2w_pressure,numeric,True,analog
core_plus_analog_and_geographic,analog_leaf_wet_pressure,numeric,True,analog
core_plus_analog_and_geographic,analog_regional_leaf_wet_pressure,numeric,True,analog
core_plus_analog_and_geographic,analog_host_pressure,numeric,True,analog
core_plus_analog_and_geographic,province,categorical_encoded,True,one-hot encoded
core_plus_analog_and_geographic,region,categorical_encoded,True,one-hot encoded
