model,feature_set,model_label,model_feature,policy,split,rows,positive_rows,threshold,precision,recall,f1,roc_auc,pr_auc,true_negative,false_positive,false_negative,true_positive,region
dnn_no_class_weight,core_no_BUS,DNN core,dnn_no_class_weight__core_no_BUS,global_f1,test_region_Central,728,10,0.21000000000000002,0.0,0.0,0.0,0.7229805013927576,0.08579385659445021,718,0,10,0,Central
dnn_no_class_weight,core_no_BUS,DNN core,dnn_no_class_weight__core_no_BUS,global_f1,test_region_East,416,7,0.21000000000000002,0.5,0.2857142857142857,0.36363636363636365,0.7474676912329724,0.2847670399184848,407,2,5,2,East
dnn_no_class_weight,core_no_BUS,DNN core,dnn_no_class_weight__core_no_BUS,global_f1,test_region_North,884,18,0.21000000000000002,0.0,0.0,0.0,0.3464203233256351,0.014999759698467495,865,1,18,0,North
dnn_no_class_weight,core_no_BUS,DNN core,dnn_no_class_weight__core_no_BUS,global_f1,test_region_Northeast,1040,120,0.21000000000000002,0.43119266055045874,0.39166666666666666,0.4104803493449782,0.7372916666666667,0.38811017109070234,858,62,73,47,Northeast
dnn_no_class_weight,core_no_BUS,DNN core,dnn_no_class_weight__core_no_BUS,global_f1,test_region_South,728,4,0.21000000000000002,0.0,0.0,0.0,0.8846685082872929,0.04916316100399656,719,5,4,0,South
dnn_no_class_weight,core_no_BUS,DNN core,dnn_no_class_weight__core_no_BUS,global_f1,test_region_West,208,2,0.21000000000000002,0.0,0.0,0.0,0.25485436893203883,0.009484527448599305,206,0,2,0,West
dnn_no_class_weight,core_no_BUS,DNN core,dnn_no_class_weight__core_no_BUS,balanced_default,test_region_Central,728,10,0.22,0.0,0.0,0.0,0.7229805013927576,0.08579385659445021,718,0,10,0,Central
dnn_no_class_weight,core_no_BUS,DNN core,dnn_no_class_weight__core_no_BUS,balanced_default,test_region_East,416,7,0.22,0.5,0.2857142857142857,0.36363636363636365,0.7474676912329724,0.2847670399184848,407,2,5,2,East
dnn_no_class_weight,core_no_BUS,DNN core,dnn_no_class_weight__core_no_BUS,balanced_default,test_region_North,884,18,0.22,0.0,0.0,0.0,0.3464203233256351,0.014999759698467495,866,0,18,0,North
dnn_no_class_weight,core_no_BUS,DNN core,dnn_no_class_weight__core_no_BUS,balanced_default,test_region_Northeast,1040,120,0.22,0.43,0.35833333333333334,0.3909090909090909,0.7372916666666667,0.38811017109070234,863,57,77,43,Northeast
dnn_no_class_weight,core_no_BUS,DNN core,dnn_no_class_weight__core_no_BUS,balanced_default,test_region_South,728,4,0.22,0.0,0.0,0.0,0.8846685082872929,0.04916316100399656,719,5,4,0,South
dnn_no_class_weight,core_no_BUS,DNN core,dnn_no_class_weight__core_no_BUS,balanced_default,test_region_West,208,2,0.22,0.0,0.0,0.0,0.25485436893203883,0.009484527448599305,206,0,2,0,West
dnn_no_class_weight,core_no_BUS,DNN core,dnn_no_class_weight__core_no_BUS,high_precision,test_region_Central,728,10,0.39,0.0,0.0,0.0,0.7229805013927576,0.08579385659445021,718,0,10,0,Central
dnn_no_class_weight,core_no_BUS,DNN core,dnn_no_class_weight__core_no_BUS,high_precision,test_region_East,416,7,0.39,0.0,0.0,0.0,0.7474676912329724,0.2847670399184848,409,0,7,0,East
dnn_no_class_weight,core_no_BUS,DNN core,dnn_no_class_weight__core_no_BUS,high_precision,test_region_North,884,18,0.39,0.0,0.0,0.0,0.3464203233256351,0.014999759698467495,866,0,18,0,North
dnn_no_class_weight,core_no_BUS,DNN core,dnn_no_class_weight__core_no_BUS,high_precision,test_region_Northeast,1040,120,0.39,0.7333333333333333,0.09166666666666666,0.16296296296296295,0.7372916666666667,0.38811017109070234,916,4,109,11,Northeast
dnn_no_class_weight,core_no_BUS,DNN core,dnn_no_class_weight__core_no_BUS,high_precision,test_region_South,728,4,0.39,0.0,0.0,0.0,0.8846685082872929,0.04916316100399656,724,0,4,0,South
dnn_no_class_weight,core_no_BUS,DNN core,dnn_no_class_weight__core_no_BUS,high_precision,test_region_West,208,2,0.39,0.0,0.0,0.0,0.25485436893203883,0.009484527448599305,206,0,2,0,West
dnn_no_class_weight,core_no_BUS,DNN core,dnn_no_class_weight__core_no_BUS,high_recall,test_region_Central,728,10,0.01,0.02880658436213992,0.7,0.05533596837944665,0.7229805013927576,0.08579385659445021,482,236,3,7,Central
dnn_no_class_weight,core_no_BUS,DNN core,dnn_no_class_weight__core_no_BUS,high_recall,test_region_East,416,7,0.01,0.02880658436213992,1.0,0.056,0.7474676912329724,0.2847670399184848,173,236,0,7,East
dnn_no_class_weight,core_no_BUS,DNN core,dnn_no_class_weight__core_no_BUS,high_recall,test_region_North,884,18,0.01,0.011061946902654867,0.2777777777777778,0.02127659574468085,0.3464203233256351,0.014999759698467495,419,447,13,5,North
dnn_no_class_weight,core_no_BUS,DNN core,dnn_no_class_weight__core_no_BUS,high_recall,test_region_Northeast,1040,120,0.01,0.1285892634207241,0.8583333333333333,0.2236699239956569,0.7372916666666667,0.38811017109070234,222,698,17,103,Northeast
dnn_no_class_weight,core_no_BUS,DNN core,dnn_no_class_weight__core_no_BUS,high_recall,test_region_South,728,4,0.01,0.02654867256637168,0.75,0.05128205128205128,0.8846685082872929,0.04916316100399656,614,110,1,3,South
dnn_no_class_weight,core_no_BUS,DNN core,dnn_no_class_weight__core_no_BUS,high_recall,test_region_West,208,2,0.01,0.0,0.0,0.0,0.25485436893203883,0.009484527448599305,196,10,2,0,West
dnn_no_class_weight,core_plus_analog_history,DNN analog history,dnn_no_class_weight__core_plus_analog_history,global_f1,test_region_Central,728,10,0.19,0.0,0.0,0.0,0.7174094707520892,0.04663404278858371,714,4,10,0,Central
dnn_no_class_weight,core_plus_analog_history,DNN analog history,dnn_no_class_weight__core_plus_analog_history,global_f1,test_region_East,416,7,0.19,0.2857142857142857,0.2857142857142857,0.2857142857142857,0.7453719874257771,0.16028115224401576,404,5,5,2,East
dnn_no_class_weight,core_plus_analog_history,DNN analog history,dnn_no_class_weight__core_plus_analog_history,global_f1,test_region_North,884,18,0.19,0.0,0.0,0.0,0.33307672568642543,0.014788255250075337,856,10,18,0,North
dnn_no_class_weight,core_plus_analog_history,DNN analog history,dnn_no_class_weight__core_plus_analog_history,global_f1,test_region_Northeast,1040,120,0.19,0.37790697674418605,0.5416666666666666,0.44520547945205474,0.7833242753623189,0.3817943561807117,813,107,55,65,Northeast
dnn_no_class_weight,core_plus_analog_history,DNN analog history,dnn_no_class_weight__core_plus_analog_history,global_f1,test_region_South,728,4,0.19,0.0,0.0,0.0,0.9281767955801106,0.05816378066378067,718,6,4,0,South
dnn_no_class_weight,core_plus_analog_history,DNN analog history,dnn_no_class_weight__core_plus_analog_history,global_f1,test_region_West,208,2,0.19,0.0,0.0,0.0,0.2184466019417476,0.009122287968441814,206,0,2,0,West
dnn_no_class_weight,core_plus_analog_history,DNN analog history,dnn_no_class_weight__core_plus_analog_history,balanced_default,test_region_Central,728,10,0.26,0.0,0.0,0.0,0.7174094707520892,0.04663404278858371,717,1,10,0,Central
dnn_no_class_weight,core_plus_analog_history,DNN analog history,dnn_no_class_weight__core_plus_analog_history,balanced_default,test_region_East,416,7,0.26,0.5,0.14285714285714285,0.22222222222222224,0.7453719874257771,0.16028115224401576,408,1,6,1,East
dnn_no_class_weight,core_plus_analog_history,DNN analog history,dnn_no_class_weight__core_plus_analog_history,balanced_default,test_region_North,884,18,0.26,0.0,0.0,0.0,0.33307672568642543,0.014788255250075337,865,1,18,0,North
dnn_no_class_weight,core_plus_analog_history,DNN analog history,dnn_no_class_weight__core_plus_analog_history,balanced_default,test_region_Northeast,1040,120,0.26,0.4142857142857143,0.48333333333333334,0.4461538461538461,0.7833242753623189,0.3817943561807117,838,82,62,58,Northeast
dnn_no_class_weight,core_plus_analog_history,DNN analog history,dnn_no_class_weight__core_plus_analog_history,balanced_default,test_region_South,728,4,0.26,0.0,0.0,0.0,0.9281767955801106,0.05816378066378067,723,1,4,0,South
dnn_no_class_weight,core_plus_analog_history,DNN analog history,dnn_no_class_weight__core_plus_analog_history,balanced_default,test_region_West,208,2,0.26,0.0,0.0,0.0,0.2184466019417476,0.009122287968441814,206,0,2,0,West
dnn_no_class_weight,core_plus_analog_history,DNN analog history,dnn_no_class_weight__core_plus_analog_history,high_precision,test_region_Central,728,10,0.47000000000000003,0.0,0.0,0.0,0.7174094707520892,0.04663404278858371,718,0,10,0,Central
dnn_no_class_weight,core_plus_analog_history,DNN analog history,dnn_no_class_weight__core_plus_analog_history,high_precision,test_region_East,416,7,0.47000000000000003,0.0,0.0,0.0,0.7453719874257771,0.16028115224401576,409,0,7,0,East
dnn_no_class_weight,core_plus_analog_history,DNN analog history,dnn_no_class_weight__core_plus_analog_history,high_precision,test_region_North,884,18,0.47000000000000003,0.0,0.0,0.0,0.33307672568642543,0.014788255250075337,866,0,18,0,North
dnn_no_class_weight,core_plus_analog_history,DNN analog history,dnn_no_class_weight__core_plus_analog_history,high_precision,test_region_Northeast,1040,120,0.47000000000000003,0.5714285714285714,0.13333333333333333,0.21621621621621623,0.7833242753623189,0.3817943561807117,908,12,104,16,Northeast
dnn_no_class_weight,core_plus_analog_history,DNN analog history,dnn_no_class_weight__core_plus_analog_history,high_precision,test_region_South,728,4,0.47000000000000003,0.0,0.0,0.0,0.9281767955801106,0.05816378066378067,724,0,4,0,South
dnn_no_class_weight,core_plus_analog_history,DNN analog history,dnn_no_class_weight__core_plus_analog_history,high_precision,test_region_West,208,2,0.47000000000000003,0.0,0.0,0.0,0.2184466019417476,0.009122287968441814,206,0,2,0,West
dnn_no_class_weight,core_plus_analog_history,DNN analog history,dnn_no_class_weight__core_plus_analog_history,high_recall,test_region_Central,728,10,0.01,0.033816425120772944,0.7,0.06451612903225806,0.7174094707520892,0.04663404278858371,518,200,3,7,Central
dnn_no_class_weight,core_plus_analog_history,DNN analog history,dnn_no_class_weight__core_plus_analog_history,high_recall,test_region_East,416,7,0.01,0.025547445255474453,1.0,0.0498220640569395,0.7453719874257771,0.16028115224401576,142,267,0,7,East
dnn_no_class_weight,core_plus_analog_history,DNN analog history,dnn_no_class_weight__core_plus_analog_history,high_recall,test_region_North,884,18,0.01,0.012195121951219513,0.2777777777777778,0.02336448598130841,0.33307672568642543,0.014788255250075337,461,405,13,5,North
dnn_no_class_weight,core_plus_analog_history,DNN analog history,dnn_no_class_weight__core_plus_analog_history,high_recall,test_region_Northeast,1040,120,0.01,0.1539491298527443,0.9583333333333334,0.26528258362168394,0.7833242753623189,0.3817943561807117,288,632,5,115,Northeast
dnn_no_class_weight,core_plus_analog_history,DNN analog history,dnn_no_class_weight__core_plus_analog_history,high_recall,test_region_South,728,4,0.01,0.03076923076923077,1.0,0.059701492537313446,0.9281767955801106,0.05816378066378067,598,126,0,4,South
dnn_no_class_weight,core_plus_analog_history,DNN analog history,dnn_no_class_weight__core_plus_analog_history,high_recall,test_region_West,208,2,0.01,0.0,0.0,0.0,0.2184466019417476,0.009122287968441814,200,6,2,0,West
random_forest,core_no_BUS,RF core,random_forest__core_no_BUS,global_f1,test_region_Central,728,10,0.52,0.0,0.0,0.0,0.7416434540389971,0.04277197549597929,708,10,10,0,Central
random_forest,core_no_BUS,RF core,random_forest__core_no_BUS,global_f1,test_region_East,416,7,0.52,0.375,0.42857142857142855,0.39999999999999997,0.703807195249738,0.37245568867769074,404,5,4,3,East
random_forest,core_no_BUS,RF core,random_forest__core_no_BUS,global_f1,test_region_North,884,18,0.52,0.0,0.0,0.0,0.5221324095458044,0.02364663071371244,866,0,18,0,North
random_forest,core_no_BUS,RF core,random_forest__core_no_BUS,global_f1,test_region_Northeast,1040,120,0.52,0.4339622641509434,0.38333333333333336,0.40707964601769914,0.718179347826087,0.32356293953970205,860,60,74,46,Northeast
random_forest,core_no_BUS,RF core,random_forest__core_no_BUS,global_f1,test_region_South,728,4,0.52,0.0,0.0,0.0,0.7907458563535912,0.01738394637491023,723,1,4,0,South
random_forest,core_no_BUS,RF core,random_forest__core_no_BUS,global_f1,test_region_West,208,2,0.52,0.0,0.0,0.0,0.38349514563106796,0.011416361416361417,206,0,2,0,West
random_forest,core_no_BUS,RF core,random_forest__core_no_BUS,balanced_default,test_region_Central,728,10,0.59,0.0,0.0,0.0,0.7416434540389971,0.04277197549597929,717,1,10,0,Central
random_forest,core_no_BUS,RF core,random_forest__core_no_BUS,balanced_default,test_region_East,416,7,0.59,1.0,0.14285714285714285,0.25,0.703807195249738,0.37245568867769074,409,0,6,1,East
random_forest,core_no_BUS,RF core,random_forest__core_no_BUS,balanced_default,test_region_North,884,18,0.59,0.0,0.0,0.0,0.5221324095458044,0.02364663071371244,866,0,18,0,North
random_forest,core_no_BUS,RF core,random_forest__core_no_BUS,balanced_default,test_region_Northeast,1040,120,0.59,0.43902439024390244,0.3,0.3564356435643565,0.718179347826087,0.32356293953970205,874,46,84,36,Northeast
random_forest,core_no_BUS,RF core,random_forest__core_no_BUS,balanced_default,test_region_South,728,4,0.59,0.0,0.0,0.0,0.7907458563535912,0.01738394637491023,724,0,4,0,South
random_forest,core_no_BUS,RF core,random_forest__core_no_BUS,balanced_default,test_region_West,208,2,0.59,0.0,0.0,0.0,0.38349514563106796,0.011416361416361417,206,0,2,0,West
random_forest,core_no_BUS,RF core,random_forest__core_no_BUS,high_precision,test_region_Central,728,10,0.5700000000000001,0.0,0.0,0.0,0.7416434540389971,0.04277197549597929,715,3,10,0,Central
random_forest,core_no_BUS,RF core,random_forest__core_no_BUS,high_precision,test_region_East,416,7,0.5700000000000001,0.6666666666666666,0.2857142857142857,0.4,0.703807195249738,0.37245568867769074,408,1,5,2,East
random_forest,core_no_BUS,RF core,random_forest__core_no_BUS,high_precision,test_region_North,884,18,0.5700000000000001,0.0,0.0,0.0,0.5221324095458044,0.02364663071371244,866,0,18,0,North
random_forest,core_no_BUS,RF core,random_forest__core_no_BUS,high_precision,test_region_Northeast,1040,120,0.5700000000000001,0.4457831325301205,0.30833333333333335,0.3645320197044335,0.718179347826087,0.32356293953970205,874,46,83,37,Northeast
random_forest,core_no_BUS,RF core,random_forest__core_no_BUS,high_precision,test_region_South,728,4,0.5700000000000001,0.0,0.0,0.0,0.7907458563535912,0.01738394637491023,723,1,4,0,South
random_forest,core_no_BUS,RF core,random_forest__core_no_BUS,high_precision,test_region_West,208,2,0.5700000000000001,0.0,0.0,0.0,0.38349514563106796,0.011416361416361417,206,0,2,0,West
random_forest,core_no_BUS,RF core,random_forest__core_no_BUS,high_recall,test_region_Central,728,10,0.16,0.03017241379310345,0.7,0.057851239669421496,0.7416434540389971,0.04277197549597929,493,225,3,7,Central
random_forest,core_no_BUS,RF core,random_forest__core_no_BUS,high_recall,test_region_East,416,7,0.16,0.020242914979757085,0.7142857142857143,0.03937007874015748,0.703807195249738,0.37245568867769074,167,242,2,5,East
random_forest,core_no_BUS,RF core,random_forest__core_no_BUS,high_recall,test_region_North,884,18,0.16,0.025793650793650792,0.7222222222222222,0.04980842911877394,0.5221324095458044,0.02364663071371244,375,491,5,13,North
random_forest,core_no_BUS,RF core,random_forest__core_no_BUS,high_recall,test_region_Northeast,1040,120,0.16,0.13584905660377358,0.9,0.23606557377049178,0.718179347826087,0.32356293953970205,233,687,12,108,Northeast
random_forest,core_no_BUS,RF core,random_forest__core_no_BUS,high_recall,test_region_South,728,4,0.16,0.01652892561983471,0.5,0.03200000000000001,0.7907458563535912,0.01738394637491023,605,119,2,2,South
random_forest,core_no_BUS,RF core,random_forest__core_no_BUS,high_recall,test_region_West,208,2,0.16,0.0,0.0,0.0,0.38349514563106796,0.011416361416361417,182,24,2,0,West
random_forest,core_plus_all_analog,RF all analog,random_forest__core_plus_all_analog,global_f1,test_region_Central,728,10,0.39,0.08,0.2,0.11428571428571428,0.7214484679665739,0.08148980903039951,695,23,8,2,Central
random_forest,core_plus_all_analog,RF all analog,random_forest__core_plus_all_analog,global_f1,test_region_East,416,7,0.39,0.08571428571428572,0.42857142857142855,0.14285714285714285,0.7586447782046803,0.18468075386076466,377,32,4,3,East
random_forest,core_plus_all_analog,RF all analog,random_forest__core_plus_all_analog,global_f1,test_region_North,884,18,0.39,0.0,0.0,0.0,0.5394534257120862,0.022932103798611426,833,33,18,0,North
random_forest,core_plus_all_analog,RF all analog,random_forest__core_plus_all_analog,global_f1,test_region_Northeast,1040,120,0.39,0.32882882882882886,0.6083333333333333,0.4269005847953216,0.783233695652174,0.39440251108815494,771,149,47,73,Northeast
random_forest,core_plus_all_analog,RF all analog,random_forest__core_plus_all_analog,global_f1,test_region_South,728,4,0.39,0.0,0.0,0.0,0.8805248618784531,0.028093156843156844,708,16,4,0,South
random_forest,core_plus_all_analog,RF all analog,random_forest__core_plus_all_analog,global_f1,test_region_West,208,2,0.39,0.0,0.0,0.0,0.3131067961165048,0.010310290652003142,206,0,2,0,West
random_forest,core_plus_all_analog,RF all analog,random_forest__core_plus_all_analog,balanced_default,test_region_Central,728,10,0.54,0.16666666666666666,0.1,0.125,0.7214484679665739,0.08148980903039951,713,5,9,1,Central
random_forest,core_plus_all_analog,RF all analog,random_forest__core_plus_all_analog,balanced_default,test_region_East,416,7,0.54,0.375,0.42857142857142855,0.39999999999999997,0.7586447782046803,0.18468075386076466,404,5,4,3,East
random_forest,core_plus_all_analog,RF all analog,random_forest__core_plus_all_analog,balanced_default,test_region_North,884,18,0.54,0.0,0.0,0.0,0.5394534257120862,0.022932103798611426,866,0,18,0,North
random_forest,core_plus_all_analog,RF all analog,random_forest__core_plus_all_analog,balanced_default,test_region_Northeast,1040,120,0.54,0.4125874125874126,0.49166666666666664,0.4486692015209126,0.783233695652174,0.39440251108815494,836,84,61,59,Northeast
random_forest,core_plus_all_analog,RF all analog,random_forest__core_plus_all_analog,balanced_default,test_region_South,728,4,0.54,0.0,0.0,0.0,0.8805248618784531,0.028093156843156844,723,1,4,0,South
random_forest,core_plus_all_analog,RF all analog,random_forest__core_plus_all_analog,balanced_default,test_region_West,208,2,0.54,0.0,0.0,0.0,0.3131067961165048,0.010310290652003142,206,0,2,0,West
random_forest,core_plus_all_analog,RF all analog,random_forest__core_plus_all_analog,high_precision,test_region_Central,728,10,0.6,0.0,0.0,0.0,0.7214484679665739,0.08148980903039951,716,2,10,0,Central
random_forest,core_plus_all_analog,RF all analog,random_forest__core_plus_all_analog,high_precision,test_region_East,416,7,0.6,0.0,0.0,0.0,0.7586447782046803,0.18468075386076466,408,1,7,0,East
random_forest,core_plus_all_analog,RF all analog,random_forest__core_plus_all_analog,high_precision,test_region_North,884,18,0.6,0.0,0.0,0.0,0.5394534257120862,0.022932103798611426,866,0,18,0,North
random_forest,core_plus_all_analog,RF all analog,random_forest__core_plus_all_analog,high_precision,test_region_Northeast,1040,120,0.6,0.4725274725274725,0.35833333333333334,0.40758293838862564,0.783233695652174,0.39440251108815494,872,48,77,43,Northeast
random_forest,core_plus_all_analog,RF all analog,random_forest__core_plus_all_analog,high_precision,test_region_South,728,4,0.6,0.0,0.0,0.0,0.8805248618784531,0.028093156843156844,723,1,4,0,South
random_forest,core_plus_all_analog,RF all analog,random_forest__core_plus_all_analog,high_precision,test_region_West,208,2,0.6,0.0,0.0,0.0,0.3131067961165048,0.010310290652003142,206,0,2,0,West
random_forest,core_plus_all_analog,RF all analog,random_forest__core_plus_all_analog,high_recall,test_region_Central,728,10,0.09999999999999999,0.022727272727272728,0.7,0.0440251572327044,0.7214484679665739,0.08148980903039951,417,301,3,7,Central
random_forest,core_plus_all_analog,RF all analog,random_forest__core_plus_all_analog,high_recall,test_region_East,416,7,0.09999999999999999,0.022222222222222223,1.0,0.04347826086956522,0.7586447782046803,0.18468075386076466,101,308,0,7,East
random_forest,core_plus_all_analog,RF all analog,random_forest__core_plus_all_analog,high_recall,test_region_North,884,18,0.09999999999999999,0.021592442645074223,0.8888888888888888,0.04216073781291173,0.5394534257120862,0.022932103798611426,141,725,2,16,North
random_forest,core_plus_all_analog,RF all analog,random_forest__core_plus_all_analog,high_recall,test_region_Northeast,1040,120,0.09999999999999999,0.12700106723585913,0.9916666666666667,0.22516556291390732,0.783233695652174,0.39440251108815494,102,818,1,119,Northeast
random_forest,core_plus_all_analog,RF all analog,random_forest__core_plus_all_analog,high_recall,test_region_South,728,4,0.09999999999999999,0.020689655172413793,0.75,0.040268456375838924,0.8805248618784531,0.028093156843156844,582,142,1,3,South
random_forest,core_plus_all_analog,RF all analog,random_forest__core_plus_all_analog,high_recall,test_region_West,208,2,0.09999999999999999,0.0,0.0,0.0,0.3131067961165048,0.010310290652003142,166,40,2,0,West
random_forest,core_plus_analog_history,RF analog history,random_forest__core_plus_analog_history,global_f1,test_region_Central,728,10,0.4,0.07692307692307693,0.2,0.1111111111111111,0.7162952646239554,0.07911458000171628,694,24,8,2,Central
random_forest,core_plus_analog_history,RF analog history,random_forest__core_plus_analog_history,global_f1,test_region_East,416,7,0.4,0.075,0.42857142857142855,0.1276595744680851,0.7460705553615089,0.16336461413833825,372,37,4,3,East
random_forest,core_plus_analog_history,RF analog history,random_forest__core_plus_analog_history,global_f1,test_region_North,884,18,0.4,0.0,0.0,0.0,0.562997177315884,0.02464606539174944,830,36,18,0,North
random_forest,core_plus_analog_history,RF analog history,random_forest__core_plus_analog_history,global_f1,test_region_Northeast,1040,120,0.4,0.32456140350877194,0.6166666666666667,0.4252873563218391,0.7845289855072464,0.38682851002217855,766,154,46,74,Northeast
random_forest,core_plus_analog_history,RF analog history,random_forest__core_plus_analog_history,global_f1,test_region_South,728,4,0.4,0.0,0.0,0.0,0.9109116022099447,0.03914953580901857,713,11,4,0,South
random_forest,core_plus_analog_history,RF analog history,random_forest__core_plus_analog_history,global_f1,test_region_West,208,2,0.4,0.0,0.0,0.0,0.3349514563106796,0.010684430512016719,206,0,2,0,West
random_forest,core_plus_analog_history,RF analog history,random_forest__core_plus_analog_history,balanced_default,test_region_Central,728,10,0.5800000000000001,0.0,0.0,0.0,0.7162952646239554,0.07911458000171628,716,2,10,0,Central
random_forest,core_plus_analog_history,RF analog history,random_forest__core_plus_analog_history,balanced_default,test_region_East,416,7,0.5800000000000001,0.3333333333333333,0.2857142857142857,0.30769230769230765,0.7460705553615089,0.16336461413833825,405,4,5,2,East
random_forest,core_plus_analog_history,RF analog history,random_forest__core_plus_analog_history,balanced_default,test_region_North,884,18,0.5800000000000001,0.0,0.0,0.0,0.562997177315884,0.02464606539174944,866,0,18,0,North
random_forest,core_plus_analog_history,RF analog history,random_forest__core_plus_analog_history,balanced_default,test_region_Northeast,1040,120,0.5800000000000001,0.4260869565217391,0.4083333333333333,0.41702127659574467,0.7845289855072464,0.38682851002217855,854,66,71,49,Northeast
random_forest,core_plus_analog_history,RF analog history,random_forest__core_plus_analog_history,balanced_default,test_region_South,728,4,0.5800000000000001,0.0,0.0,0.0,0.9109116022099447,0.03914953580901857,723,1,4,0,South
random_forest,core_plus_analog_history,RF analog history,random_forest__core_plus_analog_history,balanced_default,test_region_West,208,2,0.5800000000000001,0.0,0.0,0.0,0.3349514563106796,0.010684430512016719,206,0,2,0,West
random_forest,core_plus_analog_history,RF analog history,random_forest__core_plus_analog_history,high_precision,test_region_Central,728,10,0.62,0.0,0.0,0.0,0.7162952646239554,0.07911458000171628,717,1,10,0,Central
random_forest,core_plus_analog_history,RF analog history,random_forest__core_plus_analog_history,high_precision,test_region_East,416,7,0.62,0.0,0.0,0.0,0.7460705553615089,0.16336461413833825,407,2,7,0,East
random_forest,core_plus_analog_history,RF analog history,random_forest__core_plus_analog_history,high_precision,test_region_North,884,18,0.62,0.0,0.0,0.0,0.562997177315884,0.02464606539174944,866,0,18,0,North
random_forest,core_plus_analog_history,RF analog history,random_forest__core_plus_analog_history,high_precision,test_region_Northeast,1040,120,0.62,0.5121951219512195,0.35,0.4158415841584158,0.7845289855072464,0.38682851002217855,880,40,78,42,Northeast
random_forest,core_plus_analog_history,RF analog history,random_forest__core_plus_analog_history,high_precision,test_region_South,728,4,0.62,0.0,0.0,0.0,0.9109116022099447,0.03914953580901857,723,1,4,0,South
random_forest,core_plus_analog_history,RF analog history,random_forest__core_plus_analog_history,high_precision,test_region_West,208,2,0.62,0.0,0.0,0.0,0.3349514563106796,0.010684430512016719,206,0,2,0,West
random_forest,core_plus_analog_history,RF analog history,random_forest__core_plus_analog_history,high_recall,test_region_Central,728,10,0.11,0.02054794520547945,0.6,0.039735099337748346,0.7162952646239554,0.07911458000171628,432,286,4,6,Central
random_forest,core_plus_analog_history,RF analog history,random_forest__core_plus_analog_history,high_recall,test_region_East,416,7,0.11,0.022653721682847898,1.0,0.04430379746835443,0.7460705553615089,0.16336461413833825,107,302,0,7,East
random_forest,core_plus_analog_history,RF analog history,random_forest__core_plus_analog_history,high_recall,test_region_North,884,18,0.11,0.02194787379972565,0.8888888888888888,0.0428380187416332,0.562997177315884,0.02464606539174944,153,713,2,16,North
random_forest,core_plus_analog_history,RF analog history,random_forest__core_plus_analog_history,high_recall,test_region_Northeast,1040,120,0.11,0.1279317697228145,1.0,0.2268431001890359,0.7845289855072464,0.38682851002217855,102,818,0,120,Northeast
random_forest,core_plus_analog_history,RF analog history,random_forest__core_plus_analog_history,high_recall,test_region_South,728,4,0.11,0.028985507246376812,1.0,0.05633802816901409,0.9109116022099447,0.03914953580901857,590,134,0,4,South
random_forest,core_plus_analog_history,RF analog history,random_forest__core_plus_analog_history,high_recall,test_region_West,208,2,0.11,0.0,0.0,0.0,0.3349514563106796,0.010684430512016719,178,28,2,0,West
