model,feature_set,model_label,model_feature,policy,region,validation_threshold,validation_precision,validation_recall,validation_f1,validation_false_positive,validation_false_negative,validation_true_positive,validation_true_negative
dnn_no_class_weight,core_no_BUS,DNN core,dnn_no_class_weight__core_no_BUS,global_f1,all,0.21000000000000002,0.353125,0.36688311688311687,0.35987261146496813,207.0,195.0,113.0,3433.0
dnn_no_class_weight,core_no_BUS,DNN core,dnn_no_class_weight__core_no_BUS,balanced_default,all,0.22,0.36454849498327757,0.3538961038961039,0.3591433278418451,190.0,199.0,109.0,3450.0
dnn_no_class_weight,core_no_BUS,DNN core,dnn_no_class_weight__core_no_BUS,high_precision,all,0.39,0.5,0.11038961038961038,0.18085106382978725,34.0,274.0,34.0,3606.0
dnn_no_class_weight,core_no_BUS,DNN core,dnn_no_class_weight__core_no_BUS,high_recall,all,0.01,0.11059907834101383,0.8571428571428571,0.1959183673469388,2123.0,44.0,264.0,1517.0
dnn_no_class_weight,core_no_BUS,DNN core,dnn_no_class_weight__core_no_BUS,region_f1_exploratory,Central,0.03,0.012658227848101266,1.0,0.024999999999999998,78.0,0.0,1.0,629.0
dnn_no_class_weight,core_no_BUS,DNN core,dnn_no_class_weight__core_no_BUS,region_f1_exploratory,East,0.11,0.2037037037037037,0.44,0.27848101265822783,43.0,14.0,11.0,340.0
dnn_no_class_weight,core_no_BUS,DNN core,dnn_no_class_weight__core_no_BUS,region_f1_exploratory,North,0.18000000000000002,0.27631578947368424,0.37168141592920356,0.31698113207547174,110.0,71.0,42.0,653.0
dnn_no_class_weight,core_no_BUS,DNN core,dnn_no_class_weight__core_no_BUS,region_f1_exploratory,Northeast,0.25,0.4307692307692308,0.5185185185185185,0.47058823529411764,74.0,52.0,56.0,850.0
dnn_no_class_weight,core_no_BUS,DNN core,dnn_no_class_weight__core_no_BUS,region_f1_exploratory,South,0.11,0.425,0.3469387755102041,0.38202247191011235,23.0,32.0,17.0,656.0
dnn_no_class_weight,core_no_BUS,DNN core,dnn_no_class_weight__core_no_BUS,region_f1_exploratory,West,0.13,1.0,0.25,0.4,0.0,9.0,3.0,184.0
dnn_no_class_weight,core_plus_analog_history,DNN analog history,dnn_no_class_weight__core_plus_analog_history,global_f1,all,0.19,0.27293577981651373,0.38636363636363635,0.31989247311827956,317.0,189.0,119.0,3323.0
dnn_no_class_weight,core_plus_analog_history,DNN analog history,dnn_no_class_weight__core_plus_analog_history,balanced_default,all,0.26,0.29411764705882354,0.2922077922077922,0.2931596091205212,216.0,218.0,90.0,3424.0
dnn_no_class_weight,core_plus_analog_history,DNN analog history,dnn_no_class_weight__core_plus_analog_history,high_precision,all,0.47000000000000003,0.4533333333333333,0.11038961038961038,0.1775456919060052,41.0,274.0,34.0,3599.0
dnn_no_class_weight,core_plus_analog_history,DNN analog history,dnn_no_class_weight__core_plus_analog_history,high_recall,all,0.01,0.11427357689039933,0.8733766233766234,0.20210368144252444,2085.0,39.0,269.0,1555.0
dnn_no_class_weight,core_plus_analog_history,DNN analog history,dnn_no_class_weight__core_plus_analog_history,region_f1_exploratory,Central,0.02,0.009345794392523364,1.0,0.018518518518518517,106.0,0.0,1.0,601.0
dnn_no_class_weight,core_plus_analog_history,DNN analog history,dnn_no_class_weight__core_plus_analog_history,region_f1_exploratory,East,0.06999999999999999,0.1588785046728972,0.68,0.25757575757575757,90.0,8.0,17.0,293.0
dnn_no_class_weight,core_plus_analog_history,DNN analog history,dnn_no_class_weight__core_plus_analog_history,region_f1_exploratory,North,0.24000000000000002,0.2777777777777778,0.26548672566371684,0.27149321266968324,78.0,83.0,30.0,685.0
dnn_no_class_weight,core_plus_analog_history,DNN analog history,dnn_no_class_weight__core_plus_analog_history,region_f1_exploratory,Northeast,0.18000000000000002,0.28448275862068967,0.6111111111111112,0.38823529411764707,166.0,42.0,66.0,758.0
dnn_no_class_weight,core_plus_analog_history,DNN analog history,dnn_no_class_weight__core_plus_analog_history,region_f1_exploratory,South,0.14,0.46153846153846156,0.3673469387755102,0.4090909090909091,21.0,31.0,18.0,658.0
dnn_no_class_weight,core_plus_analog_history,DNN analog history,dnn_no_class_weight__core_plus_analog_history,region_f1_exploratory,West,0.03,0.36363636363636365,0.3333333333333333,0.34782608695652173,7.0,8.0,4.0,177.0
random_forest,core_no_BUS,RF core,random_forest__core_no_BUS,global_f1,all,0.52,0.2368839427662957,0.4837662337662338,0.31803628601921025,480.0,159.0,149.0,3160.0
random_forest,core_no_BUS,RF core,random_forest__core_no_BUS,balanced_default,all,0.59,0.24343675417661098,0.33116883116883117,0.28060522696011003,317.0,206.0,102.0,3323.0
random_forest,core_no_BUS,RF core,random_forest__core_no_BUS,high_precision,all,0.5700000000000001,0.24586776859504134,0.38636363636363635,0.3005050505050505,365.0,189.0,119.0,3275.0
random_forest,core_no_BUS,RF core,random_forest__core_no_BUS,high_recall,all,0.16,0.1018590240123935,0.8538961038961039,0.1820069204152249,2319.0,45.0,263.0,1321.0
random_forest,core_no_BUS,RF core,random_forest__core_no_BUS,region_f1_exploratory,Central,0.09999999999999999,0.0017857142857142857,1.0,0.0035650623885918,559.0,0.0,1.0,148.0
random_forest,core_no_BUS,RF core,random_forest__core_no_BUS,region_f1_exploratory,East,0.5800000000000001,0.21739130434782608,0.4,0.28169014084507044,36.0,15.0,10.0,347.0
random_forest,core_no_BUS,RF core,random_forest__core_no_BUS,region_f1_exploratory,North,0.5700000000000001,0.2336448598130841,0.4424778761061947,0.3058103975535168,164.0,63.0,50.0,599.0
random_forest,core_no_BUS,RF core,random_forest__core_no_BUS,region_f1_exploratory,Northeast,0.48000000000000004,0.24315068493150685,0.6574074074074074,0.355,221.0,37.0,71.0,703.0
random_forest,core_no_BUS,RF core,random_forest__core_no_BUS,region_f1_exploratory,South,0.5,0.4523809523809524,0.3877551020408163,0.41758241758241765,23.0,30.0,19.0,656.0
random_forest,core_no_BUS,RF core,random_forest__core_no_BUS,region_f1_exploratory,West,0.56,0.8333333333333334,0.4166666666666667,0.5555555555555556,1.0,7.0,5.0,183.0
random_forest,core_plus_all_analog,RF all analog,random_forest__core_plus_all_analog,global_f1,all,0.39,0.22906976744186047,0.6396103896103896,0.3373287671232877,663.0,111.0,197.0,2977.0
random_forest,core_plus_all_analog,RF all analog,random_forest__core_plus_all_analog,balanced_default,all,0.54,0.25103734439834025,0.39285714285714285,0.30632911392405066,361.0,187.0,121.0,3279.0
random_forest,core_plus_all_analog,RF all analog,random_forest__core_plus_all_analog,high_precision,all,0.6,0.2721518987341772,0.2792207792207792,0.27564102564102566,230.0,222.0,86.0,3410.0
random_forest,core_plus_all_analog,RF all analog,random_forest__core_plus_all_analog,high_recall,all,0.09999999999999999,0.10017331022530329,0.9383116883116883,0.18102098340119008,2596.0,19.0,289.0,1044.0
random_forest,core_plus_all_analog,RF all analog,random_forest__core_plus_all_analog,region_f1_exploratory,Central,0.13,0.003937007874015748,1.0,0.00784313725490196,253.0,0.0,1.0,454.0
random_forest,core_plus_all_analog,RF all analog,random_forest__core_plus_all_analog,region_f1_exploratory,East,0.59,0.2222222222222222,0.4,0.2857142857142857,35.0,15.0,10.0,348.0
random_forest,core_plus_all_analog,RF all analog,random_forest__core_plus_all_analog,region_f1_exploratory,North,0.32,0.19777777777777777,0.7876106194690266,0.31616341030195383,361.0,24.0,89.0,402.0
random_forest,core_plus_all_analog,RF all analog,random_forest__core_plus_all_analog,region_f1_exploratory,Northeast,0.39,0.27364864864864863,0.75,0.4009900990099009,215.0,27.0,81.0,709.0
random_forest,core_plus_all_analog,RF all analog,random_forest__core_plus_all_analog,region_f1_exploratory,South,0.52,0.46511627906976744,0.40816326530612246,0.43478260869565216,23.0,29.0,20.0,656.0
random_forest,core_plus_all_analog,RF all analog,random_forest__core_plus_all_analog,region_f1_exploratory,West,0.22,0.3333333333333333,0.4166666666666667,0.3703703703703704,10.0,7.0,5.0,174.0
random_forest,core_plus_analog_history,RF analog history,random_forest__core_plus_analog_history,global_f1,all,0.4,0.2296211251435132,0.6493506493506493,0.3392705682782019,671.0,108.0,200.0,2969.0
random_forest,core_plus_analog_history,RF analog history,random_forest__core_plus_analog_history,balanced_default,all,0.5800000000000001,0.27699530516431925,0.38311688311688313,0.3215258855585831,308.0,190.0,118.0,3332.0
random_forest,core_plus_analog_history,RF analog history,random_forest__core_plus_analog_history,high_precision,all,0.62,0.28,0.29545454545454547,0.2875197472353871,234.0,217.0,91.0,3406.0
random_forest,core_plus_analog_history,RF analog history,random_forest__core_plus_analog_history,high_recall,all,0.11,0.10274705672493757,0.935064935064935,0.18514946962391515,2515.0,20.0,288.0,1125.0
random_forest,core_plus_analog_history,RF analog history,random_forest__core_plus_analog_history,region_f1_exploratory,Central,0.13,0.0035842293906810036,1.0,0.0071428571428571435,278.0,0.0,1.0,429.0
random_forest,core_plus_analog_history,RF analog history,random_forest__core_plus_analog_history,region_f1_exploratory,East,0.45,0.1702127659574468,0.64,0.2689075630252101,78.0,9.0,16.0,305.0
random_forest,core_plus_analog_history,RF analog history,random_forest__core_plus_analog_history,region_f1_exploratory,North,0.39,0.20558375634517767,0.7168141592920354,0.3195266272189349,313.0,32.0,81.0,450.0
random_forest,core_plus_analog_history,RF analog history,random_forest__core_plus_analog_history,region_f1_exploratory,Northeast,0.45,0.2727272727272727,0.7222222222222222,0.39593908629441626,208.0,30.0,78.0,716.0
random_forest,core_plus_analog_history,RF analog history,random_forest__core_plus_analog_history,region_f1_exploratory,South,0.55,0.4634146341463415,0.3877551020408163,0.4222222222222223,22.0,30.0,19.0,657.0
random_forest,core_plus_analog_history,RF analog history,random_forest__core_plus_analog_history,region_f1_exploratory,West,0.28,0.38461538461538464,0.4166666666666667,0.4,8.0,7.0,5.0,176.0
dnn_no_class_weight,core_no_BUS,DNN core,dnn_no_class_weight__core_no_BUS,isotonic_global_f1,all,0.18000000000000002,0.35294117647058826,0.37012987012987014,0.3613312202852615,209.0,194.0,114.0,3431.0
dnn_no_class_weight,core_no_BUS,DNN core,dnn_no_class_weight__core_no_BUS,platt_global_f1,all,0.14,0.32216494845360827,0.40584415584415584,0.3591954022988506,263.0,183.0,125.0,3377.0
dnn_no_class_weight,core_plus_analog_history,DNN analog history,dnn_no_class_weight__core_plus_analog_history,isotonic_global_f1,all,0.15000000000000002,0.2735632183908046,0.38636363636363635,0.3203230148048452,316.0,189.0,119.0,3324.0
dnn_no_class_weight,core_plus_analog_history,DNN analog history,dnn_no_class_weight__core_plus_analog_history,platt_global_f1,all,0.12,0.27209302325581397,0.37987012987012986,0.3170731707317074,313.0,191.0,117.0,3327.0
random_forest,core_no_BUS,RF core,random_forest__core_no_BUS,isotonic_global_f1,all,0.13,0.23357664233576642,0.5194805194805194,0.32225579053373615,525.0,148.0,160.0,3115.0
random_forest,core_no_BUS,RF core,random_forest__core_no_BUS,platt_global_f1,all,0.14,0.2364217252396166,0.4805194805194805,0.316916488222698,478.0,160.0,148.0,3162.0
random_forest,core_plus_all_analog,RF all analog,random_forest__core_plus_all_analog,isotonic_global_f1,all,0.13,0.2296037296037296,0.6396103896103896,0.33790737564322476,661.0,111.0,197.0,2979.0
random_forest,core_plus_all_analog,RF all analog,random_forest__core_plus_all_analog,platt_global_f1,all,0.09999999999999999,0.2296037296037296,0.6396103896103896,0.33790737564322476,661.0,111.0,197.0,2979.0
random_forest,core_plus_analog_history,RF analog history,random_forest__core_plus_analog_history,isotonic_global_f1,all,0.14,0.2299771167048055,0.6525974025974026,0.3401015228426396,673.0,107.0,201.0,2967.0
random_forest,core_plus_analog_history,RF analog history,random_forest__core_plus_analog_history,platt_global_f1,all,0.09999999999999999,0.2300578034682081,0.6461038961038961,0.3393009377664109,666.0,109.0,199.0,2974.0
