province,analog_province,analog_rank,combined_similarity,province_region,analog_region,same_region,distance_km,weather_similarity,host_similarity,pressure_similarity,outbreak_history_similarity
Amnat Charoen,Nakhon Phanom,1,0.769626893502111,Northeast,Northeast,True,163.80272166454617,0.69776009131661,0.6712757954565924,0.7094716872352416,1.0
Amnat Charoen,Nong Khai,2,0.7234841694285273,Northeast,Northeast,True,305.5136652536036,0.6961949883299727,0.5441535946256947,0.6535880947584422,1.0
Amnat Charoen,Roi Et,3,0.6751017617329954,Northeast,Northeast,True,96.925221072069,0.4758980374740218,0.4952278129847866,0.7292811964731731,1.0
Amnat Charoen,Trat,4,0.5884569035009166,Northeast,East,False,479.9290197793111,0.31291896081151394,0.5031186977357479,0.5377899554564044,1.0
Amnat Charoen,Khon Kaen,5,0.5439226167970921,Northeast,Northeast,True,231.57392470142275,0.5936473504670052,0.5872089386032083,0.8044277260092416,0.1904064521089135
Ang Thong,Pathum Thani,1,0.6985505764292628,Central,Central,True,67.9000762519896,0.8645880387423206,0.6534934430477679,0.6789464587231402,0.5971743652038226
Ang Thong,Saraburi,2,0.6812897584827803,Central,Central,True,54.400240517212495,0.7938363273891984,0.6457692726077668,0.7237236130073559,0.5618298209268002
Ang Thong,Nonthaburi,3,0.6522474687583844,Central,Central,True,80.52452123247505,0.7439178002342932,0.636808990786788,0.6785100983587917,0.5497529856536645
Ang Thong,Bangkok,4,0.6424409321407153,Central,Central,True,96.6455895994016,0.6839722170819599,0.6842337940911105,0.6700746745826254,0.5314830428071655
Ang Thong,Samut Prakarn,5,0.6392942992703365,Central,Central,True,114.15713416955498,0.6419282383446958,0.5854772346041562,0.7325973589286716,0.5971743652038226
Bangkok,Nonthaburi,1,0.7750345262984419,Central,Central,True,19.55171429698591,0.8334363379980874,0.7707426057388496,0.8960603472531918,0.5998988142036392
Bangkok,Samut Sakhon,2,0.7059832312483957,Central,Central,True,41.548774144638166,0.8481059953379115,0.6037449086965039,0.713906442212062,0.6581755787471054
Bangkok,Pathum Thani,3,0.6967738193609037,Central,Central,True,32.987533437875534,0.690287541375201,0.7796797631399318,0.6589523941813764,0.6581755787471054
Bangkok,Saraburi,4,0.6921192523453119,Central,Central,True,95.57180726780032,0.7286711956904894,0.6359351499652901,0.7741276571206905,0.6297430066047776
Bangkok,Samut Prakarn,5,0.6834140396967062,Central,Central,True,18.85870729616152,0.6470755153096528,0.680066983927098,0.7483380808029687,0.6581755787471054
Bueng Kan,Nong Bua Lam Phu,1,0.5426063936654337,Northeast,Northeast,True,180.13830465815104,0.4950389578525981,0.5887325299521342,0.7016519224492194,0.38500216440778323
Bueng Kan,Sakon Nakhon,2,0.5107730169853324,Northeast,Northeast,True,85.99424595144205,0.4987709793373866,0.47137687938470063,0.6743041560261092,0.3986400531931332
Bueng Kan,Maha Sarakham,3,0.5105719759068776,Northeast,Northeast,True,246.6368849208109,0.43895263358383907,0.47059321915176855,0.765537396105208,0.3672046547866951
Bueng Kan,Mukdahan,4,0.48763365663846214,Northeast,Northeast,True,204.35647387602663,0.5505237064121236,0.36602521690048906,0.6742091908089389,0.359776512432297
Bueng Kan,Udon Thani,5,0.4859677869803876,Northeast,Northeast,True,117.87785083051052,0.4953204037544189,0.49894415658147545,0.6074019063832905,0.34220468120236563
Buri Ram,Nakhon Ratchasima,1,0.6596835731042342,Northeast,Northeast,True,86.08498331481705,0.7335236408261654,0.6218869024968837,0.8368521968907852,0.4464715522031021
Buri Ram,Si Sa Ket,2,0.6512065684989916,Northeast,Northeast,True,145.52666798051823,0.7574095204274554,0.7018327887353639,0.6914860577263989,0.45409790710674836
Buri Ram,Khon Kaen,3,0.6429347882393663,Northeast,Northeast,True,167.02750837462548,0.7209236216760926,0.5870930824327834,0.7300904697492846,0.533631979099305
Buri Ram,Ubon Ratchathani,4,0.6192433042161773,Northeast,Northeast,True,223.89570156342663,0.7648525603369234,0.647015333894949,0.6678835478232152,0.39722177480962173
Buri Ram,Surin,5,0.597519782201473,Northeast,Northeast,True,74.90226218528356,0.6023265910996942,0.6222890797256773,0.686930151182645,0.4785333067978752
Chachoengsao,Chon Buri,1,0.6585275157166975,East,East,True,59.58779268280624,0.7680694484556061,0.6780240616906028,0.7483446752634888,0.4396718774570925
Chachoengsao,Nakhon Nayok,2,0.541580115256044,East,East,True,55.07752570994303,0.7839938587838708,0.6228469721071129,0.6021077269416044,0.15737190319158778
Chachoengsao,Rayong,3,0.539556084448257,East,East,True,105.83892830421584,0.7020586042655856,0.6771636784100721,0.5646940755395298,0.21430797957784037
Chachoengsao,Nakhon Pathom,4,0.4799256967252014,East,Central,False,111.3131450457125,0.6382339480959323,0.6204566489701723,0.19928843565194732,0.4617237541827537
Chachoengsao,Phichit,5,0.4732858305487819,East,North,False,298.22721580326896,0.5155936282255837,0.5962308592607553,0.443561251823483,0.33775758288530555
Chai Nat,Sing Buri,1,0.7236782415981018,Central,Central,True,42.11083214077992,0.7424300684430294,0.6230250363007594,0.8710822829015132,0.6581755787471054
Chai Nat,Prachuap Khiri Khan,2,0.6844651451885606,Central,West,False,366.5398815175108,0.5878014321561198,0.5719260553320168,0.578133093266106,1.0
Chai Nat,Samut Songkhram,3,0.6821036005674832,Central,Central,True,191.48509496758928,0.5759317494561315,0.5124869874441097,0.6399956653696917,1.0
Chai Nat,Pathum Thani,4,0.6711142629532456,Central,Central,True,136.11331366773717,0.49705861107823984,0.5004080223895849,0.6869904183451578,1.0
Chai Nat,Phetchaburi,5,0.6688545640792215,Central,West,False,235.21883740370487,0.5471755397329815,0.4503442328070352,0.6778984837768693,1.0
Chaiyaphum,Yasothon,1,0.6239762426888439,Northeast,Northeast,True,252.9093049821448,0.6068227930092415,0.6906951588407896,0.6196325717828743,0.57875444712247
Chaiyaphum,Kalasin,2,0.5889066295039491,Northeast,Northeast,True,191.3271147116805,0.4644788237536641,0.6413522517098049,0.6785126161546482,0.571282826397679
Chaiyaphum,Udon Thani,3,0.5648153274512283,Northeast,Northeast,True,188.94934681321064,0.4692951018088037,0.5499215554199537,0.6873321429636117,0.5527125096125443
Chaiyaphum,Roi Et,4,0.5540743502874337,Northeast,Northeast,True,199.08206473345425,0.5484932049479038,0.622259459892149,0.6130010136076749,0.43254372270200725
Chaiyaphum,Khon Kaen,5,0.5424059965129584,Northeast,Northeast,True,82.21925128869945,0.4166310322055328,0.5807392436367181,0.7132361934504289,0.4590175167591539
Chanthaburi,Sa kaeo,1,0.6089415667758465,East,East,True,118.43633444415048,0.5222727602018379,0.5475930895752893,0.7752158514724516,0.5906845658538072
Chanthaburi,Trat,2,0.5635225945583164,East,East,True,75.28059160310787,0.561253438307681,0.6597125647722927,0.7758175026201111,0.25730687253318063
Chanthaburi,Prachin Buri,3,0.5325499341991571,East,East,True,159.5793458183291,0.5977172500246988,0.4626205218013089,0.6209277219194915,0.4489342430511294
Chanthaburi,Nakhon Nayok,4,0.45778451297277545,East,East,True,198.690443424047,0.5388057885286697,0.2878756235257656,0.7471497673034859,0.25730687253318063
Chanthaburi,Chachoengsao,5,0.42678484011729273,East,East,True,154.30331302232108,0.5025874611696298,0.22376901708149255,0.6196377198599475,0.361145162358101
Chiang Mai,Lamphun,1,0.7229244222297686,North,North,True,55.29430070771099,0.7603670430092551,0.7363169239182251,0.7089466528468465,0.6860670691447475
Chiang Mai,Mae Hong Son,2,0.707208388521524,North,North,True,90.7705548280998,0.7040602108510808,0.6400358660973577,0.7799224594461971,0.7048150176914603
Chiang Mai,Kamphaeng Phet,3,0.5792251643759571,North,North,True,287.09873688596144,0.4739728019828433,0.46239189178653634,0.6757209460429882,0.7048150176914603
Chiang Mai,Nan,4,0.5491112193713684,North,North,True,198.82127845191096,0.5578572111362957,0.5269122320067463,0.6539865301242898,0.457688904218142
Chiang Mai,Lampang,5,0.5348902861561875,North,North,True,83.41274328343368,0.675640867585663,0.6586290767870939,0.6458958112027446,0.1593953890492486
Chiang Rai,Phayao,1,0.6383936443637355,North,North,True,68.7200404339237,0.7803398979474936,0.6035295102108765,0.7007211913702343,0.4689839779263379
Chiang Rai,Buri Ram,2,0.5298342329409184,North,Northeast,False,642.216381521018,0.5436387002632396,0.48187356837553763,0.482146745537294,0.6116779175876023
Chiang Rai,Nakhon Ratchasima,3,0.48395592603889404,North,Northeast,False,585.3776929238664,0.4950674589986516,0.5139977091033137,0.4952768800705034,0.43148165598310734
Chiang Rai,Khon Kaen,4,0.4795644648449422,North,Northeast,False,483.8049183667325,0.49715216997606176,0.4911173411376514,0.46100437033971764,0.4689839779263379
Chiang Rai,Si Sa Ket,5,0.46704856340944007,North,Northeast,False,721.2757514071977,0.523152148774943,0.47632556845514806,0.4549237123919022,0.41379282401576695
Chon Buri,Chachoengsao,1,0.6585275157166975,East,East,True,59.58779268280624,0.7680694484556061,0.6780240616906028,0.7483446752634888,0.4396718774570925
Chon Buri,Rayong,2,0.5551913675089887,East,East,True,56.996713511400166,0.7721016077379914,0.711650008962556,0.5151816680896679,0.22183218524573964
Chon Buri,Nakhon Nayok,3,0.5355469765944583,East,East,True,114.292470254669,0.681180935605466,0.6312304081188969,0.5893779981214402,0.2403985645320299
Chon Buri,Nakhon Pathom,4,0.5270083449669276,East,Central,False,129.1826763192996,0.5943777387120375,0.5633279391996928,0.2383948840035982,0.7119328179523821
Chon Buri,Samut Prakarn,5,0.46647934470022523,East,Central,False,67.85020148626916,0.7387281278779416,0.6243626417882263,0.2624280446027032,0.2403985645320299
Chumphon,Surat Thani,1,0.7482083892855564,South,South,True,125.2393932376794,0.6036377875122964,0.5707602422822161,0.8184355273477135,1.0
Chumphon,Pattani,2,0.7075334889897065,South,South,True,464.07859433801457,0.642011511785432,0.6678682130962615,0.5202542310771322,1.0
Chumphon,Phang-nga,3,0.6789047214443064,South,South,True,211.84766395380808,0.5730412440036119,0.5639575264688848,0.5786201153047287,1.0
Chumphon,Phuket,4,0.6751120436682427,South,South,True,286.4998066902062,0.5377062479118841,0.4796054373530023,0.6831364894080847,1.0
Chumphon,Krabi,5,0.6666978836459156,South,South,True,259.9470666487469,0.5115670650773003,0.5162560400362172,0.6389684294701452,1.0
Kalasin,Udon Thani,1,0.6136301104615022,Northeast,Northeast,True,119.99901595569948,0.657335542661718,0.7025615879509999,0.6512095832212268,0.44341372801206413
Kalasin,Chaiyaphum,2,0.5889066295039491,Northeast,Northeast,True,191.3271147116805,0.4644788237536641,0.6413522517098049,0.6785126161546482,0.571282826397679
Kalasin,Yasothon,3,0.5785158323302515,Northeast,Northeast,True,111.30699634999834,0.6415367982980329,0.6178199030715359,0.5874557307616554,0.4672508971897822
Kalasin,Roi Et,4,0.5771824278443506,Northeast,Northeast,True,74.48467920823427,0.7617086457884592,0.5501928644607907,0.6127768745741814,0.38405132655397084
Kalasin,Nakhon Phanom,5,0.5451478954290372,Northeast,Northeast,True,122.55038120918738,0.5842597923328711,0.48891746173789663,0.7233630010914103,0.38405132655397084
Kamphaeng Phet,Phetchabun,1,0.7054921829627536,North,North,True,155.52005554624304,0.7011141119754407,0.7274425422753781,0.3934120776001956,1.0
Kamphaeng Phet,Nakhon Sawan,2,0.6467033630426638,North,North,True,96.19418334879344,0.763177746789247,0.611247806328483,0.40254609158176846,0.8098418074711571
Kamphaeng Phet,Mae Hong Son,3,0.6336850708105041,North,North,True,315.238116608001,0.5195588798828192,0.3152971152547374,0.6998842881044596,1.0
Kamphaeng Phet,Lamphun,4,0.6084773992765993,North,North,True,233.1159228221024,0.4578277793487275,0.4275129773584123,0.7277099622452876,0.8208588781539694
Kamphaeng Phet,Roi Et,5,0.5879408129652007,North,Northeast,False,445.2772875439504,0.5095179596616125,0.3660655970886042,0.4761796951105861,1.0
Kanchanaburi,Phetchaburi,1,0.6921685126314692,West,West,True,139.56919920025413,0.6467165153043319,0.41800865624521194,0.703948878976333,1.0
Kanchanaburi,Prachuap Khiri Khan,2,0.6821917915756883,West,West,True,261.9417962090053,0.6340024301425147,0.4505523616884006,0.644212374471838,1.0
Kanchanaburi,Samut Sakhon,3,0.669862479895125,West,Central,False,109.47801139404662,0.4676197028580249,0.5030451807026337,0.7087850360198414,1.0
Kanchanaburi,Samut Prakarn,4,0.6639359617025544,West,Central,False,147.4872179364359,0.5401185841344186,0.4684232085926483,0.647202054083151,1.0
Kanchanaburi,Chai Nat,5,0.6477823962876023,West,Central,False,124.0259480684068,0.6172549994814895,0.3288258939799676,0.645048691688952,1.0
Khon Kaen,Udon Thani,1,0.6960518155679741,Northeast,Northeast,True,121.36519111051136,0.6425665352306149,0.5944979495849828,0.8606923132989541,0.6864504641573447
Khon Kaen,Si Sa Ket,2,0.6519371295601941,Northeast,Northeast,True,242.6965104462296,0.730282651241235,0.6002240845553958,0.7623722007818166,0.5148695816623291
Khon Kaen,Maha Sarakham,3,0.6501751443854282,Northeast,Northeast,True,74.87312269559166,0.6797094084379601,0.791140978437072,0.6434651880860979,0.48638500258058304
Khon Kaen,Buri Ram,4,0.6429347882393663,Northeast,Northeast,True,167.02750837462548,0.7209236216760926,0.5870930824327834,0.7300904697492846,0.533631979099305
Khon Kaen,Surin,5,0.6304286009167712,Northeast,Northeast,True,194.77414098353108,0.6056322380870659,0.5716021859544993,0.743003445555725,0.6014765340697945
Krabi,Surat Thani,1,0.7443329918651393,South,South,True,145.12207678523131,0.6447909192097203,0.6940920883210794,0.638448959929758,1.0
Krabi,Narathiwat,2,0.7089685918496046,South,South,True,368.4195136727421,0.5387949315311971,0.5994398622440563,0.697639573623165,1.0
Krabi,Ranong,3,0.7035187306325408,South,South,True,207.7158030556852,0.5033341195022324,0.5301527266564883,0.7805880763714426,1.0
Krabi,Satun,4,0.6995107753957132,South,South,True,170.37076446211287,0.5651034339377441,0.5626332504780103,0.6703064171670983,1.0
Krabi,Phang-nga,5,0.6821621456602677,South,South,True,102.28325474336268,0.49557493244005396,0.48071192780806465,0.7523617223929521,1.0
Lampang,Lamphun,1,0.5972880605536133,North,North,True,57.09829705642101,0.7788812904295921,0.6834062985298568,0.7526848270406994,0.17417982621430478
Lampang,Phrae,2,0.5934922930782235,North,North,True,66.31820170897483,0.6616451777210559,0.6682293103557921,0.5176622522093812,0.5264324320266646
Lampang,Nan,3,0.5441817759629749,North,North,True,149.71104576445302,0.6475154341700278,0.6199455699699725,0.566062307240342,0.3432037924715572
Lampang,Uttaradit,4,0.5352348005610891,North,North,True,117.5763725964749,0.6170143668511603,0.4774087566034049,0.5907634833090255,0.4557525954807656
Lampang,Chiang Mai,5,0.5348902861561875,North,North,True,83.41274328343368,0.675640867585663,0.6586290767870939,0.6458958112027446,0.1593953890492486
Lamphun,Mae Hong Son,1,0.7434514131318819,North,North,True,104.94044609100436,0.6686872633342165,0.6623679057221052,0.8218916053172367,0.8208588781539694
Lamphun,Chiang Mai,2,0.7229244222297686,North,North,True,55.29430070771099,0.7603670430092551,0.7363169239182251,0.7089466528468465,0.6860670691447475
Lamphun,Kamphaeng Phet,3,0.6084773992765993,North,North,True,233.1159228221024,0.4578277793487275,0.4275129773584123,0.7277099622452876,0.8208588781539694
Lamphun,Lampang,4,0.5972880605536133,North,North,True,57.09829705642101,0.7788812904295921,0.6834062985298568,0.7526848270406994,0.17417982621430478
Lamphun,Nan,5,0.5954893181350168,North,North,True,202.98135910866225,0.6025717477771341,0.603296074473249,0.6122625050653974,0.5638269452242869
Loei,Nong Bua Lam Phu,1,0.5520796401389421,Northeast,Northeast,True,75.8607802677228,0.6410724422315511,0.4805972932484589,0.6337913312943977,0.45285749378136037
Loei,Nan,2,0.5074951260053122,Northeast,North,False,184.9138826135708,0.6531133891286787,0.7310845266571967,0.3071022344515063,0.338680353783867
Loei,Phrae,3,0.4960170864375565,Northeast,North,False,183.13765840129068,0.5581896004432144,0.7120669061075839,0.5060395748702272,0.20777226432920026
Loei,Nong Khai,4,0.488387209729236,Northeast,Northeast,True,134.8324734772969,0.4645339698995463,0.5659166581713432,0.48097017799843156,0.4421280328476226
Loei,Sakon Nakhon,5,0.48534841868091433,Northeast,Northeast,True,231.9773703253984,0.6651996346520924,0.3624035058938207,0.5977889203167149,0.31600161386102926
Lop Buri,Sing Buri,1,0.6074469264168557,Central,Central,True,49.814469162760346,0.754710114439472,0.41128956850668674,0.6921392971844117,0.5716487255368526
Lop Buri,Chai Nat,2,0.5777001982703481,Central,Central,True,78.01877289453336,0.6933699546062411,0.28615482879378246,0.6754550402727646,0.6558209694086043
Lop Buri,Kanchanaburi,3,0.5773295022314142,Central,West,False,171.1536487374727,0.5934378300416239,0.37960754842419525,0.6804516610512337,0.6558209694086043
Lop Buri,Saraburi,4,0.5669871511206458,Central,Central,True,53.5022490649873,0.4926265073583208,0.2898247465271792,0.8748556398420706,0.6106417107550126
Lop Buri,Samut Sakhon,5,0.5556557485402005,Central,Central,True,172.0950856063789,0.45249489087323985,0.2874854358176384,0.8268216980613197,0.6558209694086043
Mae Hong Son,Lamphun,1,0.7434514131318819,North,North,True,104.94044609100436,0.6686872633342165,0.6623679057221052,0.8218916053172367,0.8208588781539694
Mae Hong Son,Chiang Mai,2,0.707208388521524,North,North,True,90.7705548280998,0.7040602108510808,0.6400358660973577,0.7799224594461971,0.7048150176914603
Mae Hong Son,Kamphaeng Phet,3,0.6336850708105041,North,North,True,315.238116608001,0.5195588798828192,0.3152971152547374,0.6998842881044596,1.0
Mae Hong Son,Roi Et,4,0.5777733175249471,North,Northeast,False,685.1567510731046,0.580181707657091,0.2392152106425245,0.4916963518001732,1.0
Mae Hong Son,Nong Khai,5,0.5724015240838629,North,Northeast,False,509.3133695358434,0.41630044442638436,0.32687551057713604,0.5464301413319312,1.0
Maha Sarakham,Khon Kaen,1,0.6501751443854282,Northeast,Northeast,True,74.87312269559166,0.6797094084379601,0.791140978437072,0.6434651880860979,0.48638500258058304
Maha Sarakham,Si Sa Ket,2,0.6264912901701942,Northeast,Northeast,True,168.751844401167,0.7002959816377716,0.6086276547375926,0.658920416225785,0.5381211080796277
Maha Sarakham,Ubon Ratchathani,3,0.6127783405580125,Northeast,Northeast,True,211.56941287328607,0.6877353820385823,0.603877101440884,0.7028835015007774,0.4566173772518063
Maha Sarakham,Surin,4,0.6067020512337611,Northeast,Northeast,True,127.8986670906023,0.6502811296421329,0.5855529483781285,0.69646003774474,0.4945140891700432
Maha Sarakham,Udon Thani,5,0.6004064263538971,Northeast,Northeast,True,161.20491433890064,0.7237911164861628,0.5630451358101237,0.6733867166266257,0.44140273649267586
Mukdahan,Chiang Mai,1,0.4932691331836412,Northeast,North,False,651.6466937982175,0.5279554686569725,0.7362862791459204,0.3415784369901355,0.36725634794153633
Mukdahan,Sakon Nakhon,2,0.4919757647254939,Northeast,Northeast,True,124.38851891871556,0.5124692325682286,0.346304979131138,0.6489945202055291,0.4601343269970799
Mukdahan,Phitsanulok,3,0.4884631810189443,Northeast,North,False,447.86751359193545,0.5900069409360862,0.432791906193167,0.4828082480544026,0.4482456288921213
Mukdahan,Lampang,4,0.4881308021720454,Northeast,North,False,573.9528483472598,0.5151934318970337,0.6661373710284777,0.41131830984227175,0.3598740959203986
Mukdahan,Bueng Kan,5,0.48763365663846214,Northeast,Northeast,True,204.35647387602663,0.5505237064121236,0.36602521690048906,0.6742091908089389,0.359776512432297
Nakhon Nayok,Phetchaburi,1,0.609056648640198,East,West,False,184.2125898540576,0.6015478466670416,0.6662007204227662,0.16847802747098453,1.0
Nakhon Nayok,Pathum Thani,2,0.602310175572615,East,Central,False,55.691621250011366,0.6846525809692975,0.5756997763155124,0.1488883450056504,1.0
Nakhon Nayok,Samut Prakarn,3,0.6019012186334058,East,Central,False,80.34726198161196,0.6673984775825816,0.5745380023038542,0.1656683946471877,1.0
Nakhon Nayok,Samut Sakhon,4,0.5972524059621409,East,Central,False,118.26612417483967,0.7321493515035205,0.5042154293431101,0.1526448430019329,1.0
Nakhon Nayok,Saraburi,5,0.5865152235494295,East,Central,False,48.8113865044754,0.7384870953533333,0.7105827794092421,0.1696972589371355,0.7272937604980072
Nakhon Pathom,Ang Thong,1,0.634933127162345,Central,Central,True,86.64836886798001,0.680614462749808,0.7295060784549887,0.6979248590057079,0.43168710843887537
Nakhon Pathom,Saraburi,2,0.6203358615683254,Central,Central,True,111.79075076454885,0.7430016329565985,0.7450284153210922,0.7430794421472624,0.25023395584834845
Nakhon Pathom,Bangkok,3,0.6128832281731297,Central,Central,True,48.34455976915617,0.7813001615288377,0.6922896066141722,0.7282517962192565,0.24969134833025247
Nakhon Pathom,Nonthaburi,4,0.6028259881177948,Central,Central,True,33.534972026240496,0.7987543151518195,0.6313539687747758,0.7337823348736546,0.2474133336709291
Nakhon Pathom,Phra Nakhon Si Ayutthaya,5,0.5987793185901964,Central,Central,True,70.96199048617673,0.6879678793745814,0.6652435216796222,0.801317499942704,0.24058837336387845
Nakhon Phanom,Amnat Charoen,1,0.769626893502111,Northeast,Northeast,True,163.80272166454617,0.69776009131661,0.6712757954565924,0.7094716872352416,1.0
Nakhon Phanom,Nong Khai,2,0.7300793116139757,Northeast,Northeast,True,190.05173398425435,0.6980021645505756,0.5795257959495822,0.6427892859557447,1.0
Nakhon Phanom,Roi Et,3,0.6680368359218019,Northeast,Northeast,True,168.6199459448894,0.4996083081296806,0.47359571572320946,0.6989433198343173,1.0
Nakhon Phanom,Trat,4,0.5749784073296791,Northeast,East,False,616.8348310055119,0.357874282151693,0.41905056173763494,0.5229887854293884,1.0
Nakhon Phanom,Kamphaeng Phet,5,0.5587424728278814,Northeast,North,False,524.0629519509819,0.29215750289214426,0.43293919480212806,0.509873193617253,1.0
Nakhon Ratchasima,Buri Ram,1,0.6596835731042342,Northeast,Northeast,True,86.08498331481705,0.7335236408261654,0.6218869024968837,0.8368521968907852,0.4464715522031021
Nakhon Ratchasima,Si Sa Ket,2,0.6321137296995678,Northeast,Northeast,True,229.33612943363596,0.7370744254579351,0.642894770065583,0.7044971751560989,0.4439885481186543
Nakhon Ratchasima,Khon Kaen,3,0.6271000061113884,Northeast,Northeast,True,147.21760830995345,0.7906044586269124,0.5680006230451357,0.7160323185248999,0.4337626242486056
Nakhon Ratchasima,Ubon Ratchathani,4,0.5908694204014227,Northeast,Northeast,True,303.78800166199494,0.6813320605767914,0.5959185163489806,0.667981760216739,0.4182453444631793
Nakhon Ratchasima,Surin,5,0.573539343156434,Northeast,Northeast,True,158.99164803973238,0.6120261910275443,0.5482715189820107,0.6753006181078787,0.45855904450830215
Nakhon Sawan,Phetchabun,1,0.6812448731897549,North,North,True,118.30217036697536,0.6111660473419822,0.5745147723143331,0.7294568656315474,0.8098418074711571
Nakhon Sawan,Kamphaeng Phet,2,0.6467033630426638,North,North,True,96.19418334879344,0.763177746789247,0.611247806328483,0.40254609158176846,0.8098418074711571
Nakhon Sawan,Phichit,3,0.574517383777931,North,North,True,66.8822654100627,0.5683176267577799,0.4895077806272054,0.7762627860995663,0.4639813416271725
Nakhon Sawan,Phitsanulok,4,0.5577092564420738,North,North,True,134.7570167058528,0.5705318868864021,0.4455270996994427,0.747432883558334,0.4673451556241167
Nakhon Sawan,Uthai Thani,5,0.5482222346483276,North,North,True,53.97397061686644,0.7460246858230563,0.47028269895337793,0.6856544121565649,0.29092714166031164
Nakhon Si Thammarat,Phatthalung,1,0.5591056658629051,South,South,True,91.34669824822848,0.6327604941170915,0.6853928790093966,0.6889793677078204,0.22928992261731185
Nakhon Si Thammarat,Songkhla,2,0.5473664323415435,South,South,True,154.61006329192563,0.6126223662693954,0.7065215296110092,0.4873914788622783,0.382930354623491
Nakhon Si Thammarat,Pattani,3,0.4986490193267988,South,South,True,241.8775453641948,0.5975470851672056,0.4772048788683856,0.7664816511816859,0.15336246208991816
Nakhon Si Thammarat,Trang,4,0.4986478289738285,South,South,True,102.0065710373437,0.6067167855371999,0.5070684030788665,0.7274436651893295,0.15336246208991816
Nakhon Si Thammarat,Yala,5,0.4971007794077251,South,South,True,266.59483741041805,0.6155453412134235,0.48485106038939,0.7390566491624462,0.14895006686564066
Nan,Lamphun,1,0.5954893181350168,North,North,True,202.98135910866225,0.6025717477771341,0.603296074473249,0.6122625050653974,0.5638269452242869
Nan,Mae Hong Son,2,0.5548708849528571,North,North,True,289.3319495848758,0.5591629510195554,0.5179573686355312,0.6454859763419916,0.49687724381434994
Nan,Chiang Mai,3,0.5491112193713684,North,North,True,198.82127845191096,0.5578572111362957,0.5269122320067463,0.6539865301242898,0.457688904218142
Nan,Lampang,4,0.5441817759629749,North,North,True,149.71104576445302,0.6475154341700278,0.6199455699699725,0.566062307240342,0.3432037924715572
Nan,Nong Khai,5,0.5238993794529933,North,Northeast,False,236.28841622298884,0.5323826362438295,0.5151202262855341,0.5512174114682592,0.49687724381434994
Narathiwat,Trang,1,0.75788299869352,South,South,True,279.4734843122312,0.5465493564427316,0.8119937044910172,0.6729889338403313,1.0
Narathiwat,Satun,2,0.7522145027114147,South,South,True,229.55588100338448,0.5761007975783518,0.6285744343870339,0.8041827788802729,1.0
Narathiwat,Pattani,3,0.723196626852676,South,South,True,72.44804606412735,0.5525492951448727,0.5939012842981343,0.746335927967697,1.0
Narathiwat,Ranong,4,0.7095949962033424,South,South,True,532.5423229707511,0.6053130824431545,0.5579276592905178,0.6751392430796973,1.0
Narathiwat,Phang-nga,5,0.70915355372795,South,South,True,468.80987994934657,0.6144767343250587,0.5469035591146083,0.6752339214721328,1.0
Nong Bua Lam Phu,Udon Thani,1,0.6568553725306726,Northeast,Northeast,True,65.5080651048638,0.8222906775693576,0.572511126160674,0.6782023962417882,0.5544172901508709
Nong Bua Lam Phu,Sakon Nakhon,2,0.6478893681027128,Northeast,Northeast,True,162.7286246245498,0.7442163521098208,0.48571022668975367,0.7958717095502084,0.5657591840610681
Nong Bua Lam Phu,Surin,3,0.6004552632580259,Northeast,Northeast,True,288.6568836047724,0.7338032928476752,0.3552162806026111,0.6676982587792412,0.645103220802576
Nong Bua Lam Phu,Khon Kaen,4,0.600430261390178,Northeast,Northeast,True,97.10151110904772,0.6614474929945802,0.4310524054285394,0.6537954906596007,0.6554256564779914
Nong Bua Lam Phu,Maha Sarakham,5,0.5900342866373226,Northeast,Northeast,True,162.1178743494447,0.6925969156926446,0.43453134068914007,0.7480965026474043,0.4849123875201012
Nong Khai,Nakhon Phanom,1,0.7300793116139757,Northeast,Northeast,True,190.05173398425435,0.6980021645505756,0.5795257959495822,0.6427892859557447,1.0
Nong Khai,Amnat Charoen,2,0.7234841694285273,Northeast,Northeast,True,305.5136652536036,0.6961949883299727,0.5441535946256947,0.6535880947584422,1.0
Nong Khai,Roi Et,3,0.6210723101678974,Northeast,Northeast,True,243.61732924627384,0.5749691127398349,0.3154707114785835,0.5938494164531716,1.0
Nong Khai,Mae Hong Son,4,0.5724015240838629,Northeast,North,False,509.3133695358434,0.41630044442638436,0.32687551057713604,0.5464301413319312,1.0
Nong Khai,Trat,5,0.5648469426350449,Northeast,East,False,646.4719816357549,0.30532036083779107,0.4057286643567017,0.5483387453456866,1.0
Nonthaburi,Bangkok,1,0.7750345262984419,Central,Central,True,19.55171429698591,0.8334363379980874,0.7707426057388496,0.8960603472531918,0.5998988142036392
Nonthaburi,Pathum Thani,2,0.7262633788282477,Central,Central,True,27.090032325572924,0.7556944873152286,0.774696123919748,0.6803464518454174,0.6943164522325964
Nonthaburi,Saraburi,3,0.698206339150721,Central,Central,True,88.7259011897138,0.8072506587150459,0.5818160669731833,0.7612389295036831,0.6425197014109716
Nonthaburi,Samut Prakarn,4,0.6837536434006727,Central,Central,True,38.333563970685525,0.6303924927896305,0.632838451713486,0.7774671768669776,0.6943164522325964
Nonthaburi,Samut Sakhon,5,0.6821002339090835,Central,Central,True,41.077363066255984,0.7592855606252416,0.5620541029051606,0.7127448198733355,0.6943164522325964
Pathum Thani,Samut Prakarn,1,0.7473865652429955,Central,Central,True,47.72356669581488,0.6153629340591164,0.638432350067082,0.7357509768457836,1.0
Pathum Thani,Nonthaburi,2,0.7262633788282477,Central,Central,True,27.090032325572924,0.7556944873152286,0.774696123919748,0.6803464518454174,0.6943164522325964
Pathum Thani,Samut Sakhon,3,0.7114674378653205,Central,Central,True,67.69085428108416,0.6463154167876146,0.5578547257600803,0.6416996089135871,1.0
Pathum Thani,Phetchaburi,4,0.7023755613897782,Central,West,False,137.33142877425428,0.5719192625336742,0.5674759560931479,0.6701070269322907,1.0
Pathum Thani,Saraburi,5,0.702272509248221,Central,Central,True,63.16450818101509,0.795589392597513,0.6414425630234064,0.6447643208739575,0.7272937604980072
Pattani,Yala,1,0.8149049543068483,South,South,True,42.20893121932572,0.8774271939147182,0.8226495852709325,0.8288978853880128,0.7306451526537294
Pattani,Phang-nga,2,0.7438585477104143,South,South,True,400.5317908883358,0.6638703373478798,0.6296083956857252,0.6819554578080518,1.0
Pattani,Narathiwat,3,0.723196626852676,South,South,True,72.44804606412735,0.5525492951448727,0.5939012842981343,0.746335927967697,1.0
Pattani,Trang,4,0.7206560350252094,South,South,True,214.9376587525338,0.5863437212583207,0.5796856207329064,0.7165947981096102,1.0
Pattani,Chumphon,5,0.7075334889897065,South,South,True,464.07859433801457,0.642011511785432,0.6678682130962615,0.5202542310771322,1.0
Phang-nga,Pattani,1,0.7438585477104143,South,South,True,400.5317908883358,0.6638703373478798,0.6296083956857252,0.6819554578080518,1.0
Phang-nga,Narathiwat,2,0.70915355372795,South,South,True,468.80987994934657,0.6144767343250587,0.5469035591146083,0.6752339214721328,1.0
Phang-nga,Phuket,3,0.7020500077840746,South,South,True,86.06096294057829,0.5880509950434846,0.5317941830659098,0.6883548530269041,1.0
Phang-nga,Krabi,4,0.6821621456602677,South,South,True,102.28325474336268,0.49557493244005396,0.48071192780806465,0.7523617223929521,1.0
Phang-nga,Trang,5,0.6799563852870729,South,South,True,192.4167655931814,0.5807997364567499,0.5535414251844377,0.5854843795071041,1.0
Phatthalung,Narathiwat,1,0.6212847125883735,South,South,True,236.704972151727,0.6160033795241147,0.5736456059116252,0.723653003023869,0.5718368618938852
Phatthalung,Krabi,2,0.6177720129095323,South,South,True,134.91888504207543,0.6646513233318484,0.6453876910862931,0.5892121753261028,0.5718368618938852
Phatthalung,Surat Thani,3,0.617581418111967,South,South,True,200.39446629077776,0.6419509124968765,0.7144242231156488,0.5421136749414578,0.5718368618938852
Phatthalung,Trang,4,0.6138269227191235,South,South,True,57.00671088556605,0.5664535184924588,0.5497935313627502,0.7672237791273997,0.5718368618938852
Phatthalung,Satun,5,0.6118475740112799,South,South,True,102.02376164216685,0.5842264511958417,0.542185514428451,0.7491414685269415,0.5718368618938852
Phayao,Chiang Rai,1,0.6383936443637355,North,North,True,68.7200404339237,0.7803398979474936,0.6035295102108765,0.7007211913702343,0.4689839779263379
Phayao,Khon Kaen,2,0.6177445421590324,North,Northeast,False,420.80604265591626,0.5119449735090122,0.4705493533731568,0.48848384175396065,1.0
Phayao,Buri Ram,3,0.5299491912312456,North,Northeast,False,576.6228007622134,0.5575345701719676,0.5201513334515422,0.5084788822021675,0.533631979099305
Phayao,Si Sa Ket,4,0.5050744650904945,North,Northeast,False,660.6212261281469,0.5368609882637173,0.4876273966435072,0.4809398937924242,0.5148695816623291
Phayao,Nakhon Ratchasima,5,0.4929787620374478,North,Northeast,False,517.924967735381,0.5102775150921326,0.5075702272316981,0.5203046815773548,0.4337626242486056
Phetchabun,Kamphaeng Phet,1,0.7054921829627536,North,North,True,155.52005554624304,0.7011141119754407,0.7274425422753781,0.3934120776001956,1.0
Phetchabun,Nakhon Sawan,2,0.6812448731897549,North,North,True,118.30217036697536,0.6111660473419822,0.5745147723143331,0.7294568656315474,0.8098418074711571
Phetchabun,Phitsanulok,3,0.6243629323119854,North,North,True,102.86955206208972,0.6545351421363901,0.49283443406712013,0.867518123918895,0.4825640291255363
Phetchabun,Roi Et,4,0.5910775753658822,North,Northeast,False,289.8687480203903,0.5665223604685652,0.4111412683185156,0.38664667267644826,1.0
Phetchabun,Phichit,5,0.5908919661340994,North,North,True,80.69249435766454,0.5988282489424102,0.5180203348297672,0.7725341062241842,0.4741851745400365
Phetchaburi,Samut Prakarn,1,0.732195511739123,West,Central,False,105.216378121259,0.6148281869548693,0.6240114294944022,0.6899424305072203,1.0
Phetchaburi,Prachuap Khiri Khan,2,0.7203642628985731,West,West,True,131.62433472552794,0.6318560160776263,0.5824603688970122,0.667140666619654,1.0
Phetchaburi,Pathum Thani,3,0.7023755613897782,West,Central,False,137.33142877425428,0.5719192625336742,0.5674759560931479,0.6701070269322907,1.0
Phetchaburi,Kanchanaburi,4,0.6921685126314692,West,West,True,139.56919920025413,0.6467165153043319,0.41800865624521194,0.703948878976333,1.0
Phetchaburi,Samut Sakhon,5,0.6877516037424313,West,Central,False,70.19010841752586,0.5518713699868084,0.5150021089780825,0.684132936004834,1.0
Phichit,Phitsanulok,1,0.6359203469875179,North,North,True,68.72360499351477,0.7944530328337492,0.6019288318306903,0.7880799729712533,0.3592195503143787
Phichit,Phetchabun,2,0.5908919661340994,North,North,True,80.69249435766454,0.5988282489424102,0.5180203348297672,0.7725341062241842,0.4741851745400365
Phichit,Sukhothai,3,0.5752373745818504,North,North,True,115.44509430463276,0.724592598772228,0.7320103187173468,0.4649081672236347,0.37943841361419206
Phichit,Nakhon Sawan,4,0.574517383777931,North,North,True,66.8822654100627,0.5683176267577799,0.4895077806272054,0.7762627860995663,0.4639813416271725
Phichit,Uthai Thani,5,0.5552512945730637,North,North,True,114.9695101134814,0.5898447948094152,0.4581794953007925,0.7593693643371782,0.4136115238448689
Phitsanulok,Phichit,1,0.6359203469875179,North,North,True,68.72360499351477,0.7944530328337492,0.6019288318306903,0.7880799729712533,0.3592195503143787
Phitsanulok,Phetchabun,2,0.6243629323119854,North,North,True,102.86955206208972,0.6545351421363901,0.49283443406712013,0.867518123918895,0.4825640291255363
Phitsanulok,Nakhon Sawan,3,0.5577092564420738,North,North,True,134.7570167058528,0.5705318868864021,0.4455270996994427,0.747432883558334,0.4673451556241167
Phitsanulok,Sukhothai,4,0.529536410874391,North,North,True,68.83397940397185,0.7375345321299074,0.594352230912022,0.504903873506422,0.2813550069492121
Phitsanulok,Uttaradit,5,0.5183157364104298,North,North,True,84.55631595464291,0.6202923826259463,0.6459746037336531,0.42186962683762086,0.38512633244449923
Phra Nakhon Si Ayutthaya,Saraburi,1,0.6533286335756903,Central,Central,True,43.16544174003271,0.8122685509235013,0.7158336737279288,0.830307572618886,0.2549047370324453
Phra Nakhon Si Ayutthaya,Ang Thong,2,0.6138338249290928,Central,Central,True,30.673399443480243,0.9282744897774579,0.5917171437492109,0.7121796326692535,0.22316403352044897
Phra Nakhon Si Ayutthaya,Nonthaburi,3,0.6092670591382081,Central,Central,True,55.08872242613218,0.7491088722940109,0.542709815655547,0.8147627216744389,0.33048682692883563
Phra Nakhon Si Ayutthaya,Pathum Thani,4,0.6033843925101273,Central,Central,True,37.85485486332482,0.8917729232844347,0.6140301520745618,0.6692544747262069,0.2384800199553059
Phra Nakhon Si Ayutthaya,Nakhon Pathom,5,0.5987793185901964,Central,Central,True,70.96199048617673,0.6879678793745814,0.6652435216796222,0.801317499942704,0.24058837336387845
Phrae,Lampang,1,0.5934922930782235,North,North,True,66.31820170897483,0.6616451777210559,0.6682293103557921,0.5176622522093812,0.5264324320266646
Phrae,Uttaradit,2,0.5146011960464607,North,North,True,62.52010539367111,0.6932429659731602,0.3038593125161051,0.6550216536392937,0.40628085205728426
Phrae,Nan,3,0.5068533440556956,North,North,True,110.18948332909748,0.6738381085312568,0.8023065025139873,0.29430465232849823,0.25696411284904
Phrae,Loei,4,0.4960170864375565,North,Northeast,False,183.13765840129068,0.5581896004432144,0.7120669061075839,0.5060395748702272,0.20777226432920026
Phrae,Uthai Thani,5,0.4892457025049985,North,North,True,310.9924127688592,0.421933600334799,0.5056697605469735,0.5852257311830188,0.4441537179552027
Phuket,Phang-nga,1,0.7020500077840746,South,South,True,86.06096294057829,0.5880509950434846,0.5317941830659098,0.6883548530269041,1.0
Phuket,Pattani,2,0.6907953673952854,South,South,True,353.2704168177128,0.5763747146633853,0.5847949355207338,0.6020118193970223,1.0
Phuket,Chumphon,3,0.6751120436682427,South,South,True,286.4998066902062,0.5377062479118841,0.4796054373530023,0.6831364894080847,1.0
Phuket,Narathiwat,4,0.6680657306251705,South,South,True,416.38176744717714,0.4863529067271726,0.5264428510780931,0.659467164695416,1.0
Phuket,Satun,5,0.6602551546696298,South,South,True,200.23033459049603,0.5207566247400924,0.4472346820571769,0.6730293118812498,1.0
Prachin Buri,Sa kaeo,1,0.56324636320876,East,East,True,92.35029731668448,0.6941260810922677,0.4938879761347583,0.5545712157737256,0.5104001798342882
Prachin Buri,Chanthaburi,2,0.5325499341991571,East,East,True,159.5793458183291,0.5977172500246988,0.4626205218013089,0.6209277219194915,0.4489342430511294
Prachin Buri,Bueng Kan,3,0.45042773470840547,East,Northeast,False,516.2018583782436,0.3861868052812435,0.5350188368399607,0.5376313444287018,0.34287395228371587
Prachin Buri,Chachoengsao,4,0.4481042663184527,East,East,True,55.000512239723456,0.4258291974142959,0.14171144003348368,0.7585820819539428,0.4662943458720883
Prachin Buri,Nong Bua Lam Phu,5,0.43921971915938907,East,Northeast,False,364.06030634995625,0.21979713021119063,0.4816885024819815,0.6020153890355687,0.4533778549088155
Prachuap Khiri Khan,Phetchaburi,1,0.7203642628985731,West,West,True,131.62433472552794,0.6318560160776263,0.5824603688970122,0.667140666619654,1.0
Prachuap Khiri Khan,Chai Nat,2,0.6844651451885606,West,Central,False,366.5398815175108,0.5878014321561198,0.5719260553320168,0.578133093266106,1.0
Prachuap Khiri Khan,Kanchanaburi,3,0.6821917915756883,West,West,True,261.9417962090053,0.6340024301425147,0.4505523616884006,0.644212374471838,1.0
Prachuap Khiri Khan,Samut Songkhram,4,0.6799943054970847,West,Central,False,175.59961865205656,0.5576130092860372,0.4936336865328432,0.6687305261694584,1.0
Prachuap Khiri Khan,Pathum Thani,5,0.6787604441147916,West,Central,False,262.2450284560963,0.49212104422077435,0.625538293775871,0.5973824384625213,1.0
Ranong,Satun,1,0.7370689135513144,South,South,True,372.38749003689634,0.5473323160858475,0.7339262810119316,0.6670170571074785,1.0
Ranong,Narathiwat,2,0.7095949962033424,South,South,True,532.5423229707511,0.6053130824431545,0.5579276592905178,0.6751392430796973,1.0
Ranong,Krabi,3,0.7035187306325408,South,South,True,207.7158030556852,0.5033341195022324,0.5301527266564883,0.7805880763714426,1.0
Ranong,Trang,4,0.6771140915816101,South,South,True,284.0780099506936,0.5700986239005057,0.5775018683281055,0.5608558740978289,1.0
Ranong,Phang-nga,5,0.6653208972722163,South,South,True,136.09576849050833,0.5462549150911135,0.3749532975718904,0.7400753764258613,1.0
Ratchaburi,Samut Songkhram,1,0.5805827170163373,West,Central,False,25.29793255417237,0.5866026667421942,0.5677747307479257,0.7168456138507919,0.45110785672443743
Ratchaburi,Prachuap Khiri Khan,2,0.576621124320697,West,West,True,192.20749586730625,0.6496643383905389,0.46823394396738505,0.7374783582004267,0.45110785672443743
Ratchaburi,Chai Nat,3,0.552902837442253,West,Central,False,174.7781151402054,0.5754702463637278,0.5800327472808403,0.6050004994000062,0.45110785672443743
Ratchaburi,Suphan Buri,4,0.5234506133696339,West,Central,False,106.18541995894756,0.54677276688827,0.41075946556325005,0.7075974071244668,0.42867281390254863
Ratchaburi,Phetchaburi,5,0.49308759770345634,West,West,True,62.6909113289896,0.525926369839325,0.2974033027081817,0.6979128615418811,0.45110785672443743
Rayong,Chon Buri,1,0.5551913675089887,East,East,True,56.996713511400166,0.7721016077379914,0.711650008962556,0.5151816680896679,0.22183218524573964
Rayong,Chachoengsao,2,0.539556084448257,East,East,True,105.83892830421584,0.7020586042655856,0.6771636784100721,0.5646940755395298,0.21430797957784037
Rayong,Nakhon Nayok,3,0.5358541378473544,East,East,True,159.68366745502246,0.6376179782376323,0.5773141773245385,0.5426347087065337,0.3858496871207129
Rayong,Chiang Mai,4,0.4773500774724064,East,North,False,727.1742831456734,0.3237523890327659,0.5396343344249294,0.5859889596387493,0.4600246267931809
Rayong,Samut Prakarn,5,0.47694295190642194,East,Central,False,124.83710164558612,0.6890518476022272,0.6754224220261162,0.15744785087663146,0.3858496871207129
Roi Et,Amnat Charoen,1,0.6751017617329954,Northeast,Northeast,True,96.925221072069,0.4758980374740218,0.4952278129847866,0.7292811964731731,1.0
Roi Et,Nakhon Phanom,2,0.6680368359218019,Northeast,Northeast,True,168.6199459448894,0.4996083081296806,0.47359571572320946,0.6989433198343173,1.0
Roi Et,Nong Khai,3,0.6210723101678974,Northeast,Northeast,True,243.61732924627384,0.5749691127398349,0.3154707114785835,0.5938494164531716,1.0
Roi Et,Yasothon,4,0.5913976039272316,Northeast,Northeast,True,54.67759047604898,0.7545939143976641,0.5776191456973468,0.7397108762596478,0.2936664793542678
Roi Et,Phetchabun,5,0.5910775753658822,Northeast,North,False,289.8687480203903,0.5665223604685652,0.4111412683185156,0.3866466726764482,1.0
Sa kaeo,Chanthaburi,1,0.6089415667758465,East,East,True,118.43633444415048,0.5222727602018379,0.5475930895752893,0.7752158514724516,0.5906845658538072
Sa kaeo,Prachin Buri,2,0.56324636320876,East,East,True,92.35029731668448,0.6941260810922677,0.4938879761347583,0.5545712157737256,0.5104001798342882
Sa kaeo,Trat,3,0.4837850814388448,East,East,True,179.99694009416376,0.3568807468486711,0.5956701587659091,0.7155229646716709,0.267066455469128
Sa kaeo,Si Sa Ket,4,0.4410683838780541,East,Northeast,False,253.5489483980523,0.26640355839209967,0.5131046950978423,0.48180821222879644,0.5029570697934778
Sa kaeo,Surin,5,0.4277276765549868,East,Northeast,False,197.05691466099617,0.28610581056048245,0.4806121828244118,0.5106084542462073,0.43358425858884575
Sakon Nakhon,Nong Bua Lam Phu,1,0.6478893681027128,Northeast,Northeast,True,162.7286246245498,0.7442163521098208,0.48571022668975367,0.7958717095502084,0.5657591840610681
Sakon Nakhon,Udon Thani,2,0.643534612009057,Northeast,Northeast,True,100.39949996510796,0.6933908640468122,0.7563588974603176,0.6681510760541264,0.4562376104749721
Sakon Nakhon,Surin,3,0.6191210377095573,Northeast,Northeast,True,274.5578368408813,0.6697302813771229,0.5185498266294106,0.6673952675378507,0.620808775293845
Sakon Nakhon,Yasothon,4,0.5985232630304372,Northeast,Northeast,True,181.3990485305338,0.6854230492628803,0.5085386035494535,0.7117048881731757,0.4884265111362397
Sakon Nakhon,Maha Sarakham,5,0.5974662288831619,Northeast,Northeast,True,171.1379642777737,0.6364849678762294,0.5816961996174798,0.7008808507852492,0.4708028972536897
Samut Prakarn,Pathum Thani,1,0.7473865652429955,Central,Central,True,47.72356669581488,0.6153629340591164,0.638432350067082,0.7357509768457836,1.0
Samut Prakarn,Samut Sakhon,2,0.7455889171488959,Central,Central,True,47.89505753570192,0.651771992283103,0.6141110012334787,0.7164726750790015,1.0
Samut Prakarn,Phetchaburi,3,0.732195511739123,Central,West,False,105.216378121259,0.6148281869548693,0.6240114294944022,0.6899424305072204,1.0
Samut Prakarn,Nonthaburi,4,0.6837536434006727,Central,Central,True,38.333563970685525,0.6303924927896305,0.632838451713486,0.7774671768669776,0.6943164522325964
Samut Prakarn,Bangkok,5,0.6834140396967062,Central,Central,True,18.85870729616152,0.6470755153096528,0.680066983927098,0.7483380808029687,0.6581755787471054
Samut Sakhon,Samut Prakarn,1,0.7455889171488959,Central,Central,True,47.89505753570192,0.651771992283103,0.6141110012334787,0.7164726750790015,1.0
Samut Sakhon,Pathum Thani,2,0.7114674378653205,Central,Central,True,67.69085428108416,0.6463154167876146,0.5578547257600803,0.6416996089135871,1.0
Samut Sakhon,Bangkok,3,0.7059832312483957,Central,Central,True,41.548774144638166,0.8481059953379115,0.6037449086965039,0.713906442212062,0.6581755787471054
Samut Sakhon,Phetchaburi,4,0.6877516037424313,Central,West,False,70.19010841752586,0.5518713699868084,0.5150021089780825,0.684132936004834,1.0
Samut Sakhon,Nonthaburi,5,0.6821002339090835,Central,Central,True,41.077363066255984,0.7592855606252416,0.5620541029051606,0.7127448198733355,0.6943164522325964
Samut Songkhram,Chai Nat,1,0.6821036005674832,Central,Central,True,191.48509496758928,0.5759317494561315,0.5124869874441097,0.6399956653696917,1.0
Samut Songkhram,Prachuap Khiri Khan,2,0.6799943054970847,Central,West,False,175.59961865205656,0.5576130092860372,0.4936336865328432,0.6687305261694584,1.0
Samut Songkhram,Samut Sakhon,3,0.6463011700347483,Central,Central,True,32.577355251225086,0.46386294997147764,0.3504574885519303,0.7708842416155852,1.0
Samut Songkhram,Pathum Thani,4,0.6393843889573239,Central,Central,True,99.26444582524007,0.43211628367762833,0.47615053269222807,0.649270739459439,1.0
Samut Songkhram,Chumphon,5,0.6315242350543098,Central,South,False,354.79536060097735,0.4227067757419152,0.5419538937253578,0.5614362707499659,1.0
Saraburi,Pathum Thani,1,0.702272509248221,Central,Central,True,63.16450818101509,0.7955893925975132,0.6414425630234064,0.6447643208739575,0.7272937604980072
Saraburi,Nonthaburi,2,0.698206339150721,Central,Central,True,88.7259011897138,0.8072506587150458,0.5818160669731833,0.7612389295036831,0.6425197014109716
Saraburi,Bangkok,3,0.6921192523453119,Central,Central,True,95.57180726780032,0.7286711956904895,0.6359351499652901,0.7741276571206905,0.6297430066047776
Saraburi,Ang Thong,4,0.6812897584827803,Central,Central,True,54.400240517212495,0.7938363273891984,0.6457692726077668,0.7237236130073559,0.5618298209268002
Saraburi,Samut Sakhon,5,0.6716426490604923,Central,Central,True,129.779805050328,0.6905318189684706,0.4828782544695305,0.7858667623059608,0.7272937604980072
Satun,Narathiwat,1,0.7522145027114147,South,South,True,229.55588100338448,0.5761007975783518,0.6285744343870339,0.8041827788802729,1.0
Satun,Ranong,2,0.7370689135513144,South,South,True,372.38749003689634,0.5473323160858475,0.7339262810119316,0.6670170571074785,1.0
Satun,Trang,3,0.7370273088327597,South,South,True,89.31285441516415,0.6170678187946986,0.6542041024026608,0.6768373141336796,1.0
Satun,Krabi,4,0.6995107753957132,South,South,True,170.37076446211287,0.5651034339377441,0.5626332504780103,0.6703064171670983,1.0
Satun,Surat Thani,5,0.6794990328354377,South,South,True,283.89109315821105,0.5702636428134679,0.5433386641208224,0.6043938244074605,1.0
Si Sa Ket,Ubon Ratchathani,1,0.6877224586133474,Northeast,Northeast,True,83.34975680516217,0.7905535349106546,0.6830121641121631,0.8062433432309632,0.4710807921996084
Si Sa Ket,Khon Kaen,2,0.6519371295601941,Northeast,Northeast,True,242.6965104462296,0.730282651241235,0.6002240845553958,0.7623722007818166,0.5148695816623291
Si Sa Ket,Buri Ram,3,0.6512065684989916,Northeast,Northeast,True,145.52666798051823,0.7574095204274554,0.7018327887353639,0.6914860577263989,0.45409790710674836
Si Sa Ket,Surin,4,0.633097469646958,Northeast,Northeast,True,70.67510342066096,0.6026696920917283,0.6147518570035531,0.7541269103270857,0.5608414191654651
Si Sa Ket,Nakhon Ratchasima,5,0.6321137296995678,Northeast,Northeast,True,229.33612943363596,0.7370744254579351,0.642894770065583,0.7044971751560989,0.4439885481186543
Sing Buri,Chai Nat,1,0.7236782415981018,Central,Central,True,42.11083214077992,0.7424300684430294,0.6230250363007594,0.8710822829015132,0.6581755787471054
Sing Buri,Bangkok,2,0.6646589151367743,Central,Central,True,126.97250707181604,0.48253280371192153,0.5365969088365571,0.6395059479986185,1.0
Sing Buri,Pathum Thani,3,0.6173511136319155,Central,Central,True,97.39587309449996,0.5300526404088266,0.5764649386327358,0.7047112967389944,0.6581755787471054
Sing Buri,Saraburi,4,0.6142984139175112,Central,Central,True,67.53343601054303,0.5156954636115338,0.6423555235389272,0.6693996619148057,0.6297430066047776
Sing Buri,Lop Buri,5,0.6074469264168557,Central,Central,True,49.814469162760346,0.754710114439472,0.41128956850668674,0.6921392971844116,0.5716487255368526
Songkhla,Nakhon Si Thammarat,1,0.5473664323415435,South,South,True,154.61006329192563,0.6126223662693954,0.7065215296110092,0.4873914788622783,0.382930354623491
Songkhla,Surat Thani,2,0.5247907592910408,South,South,True,264.8741710318951,0.6289723963987095,0.6569011803261477,0.733774480363252,0.07951498007605376
Songkhla,Phatthalung,3,0.5217925894751964,South,South,True,69.40188340280766,0.6864865364965698,0.7130861254479385,0.4898948890955032,0.19770280686077418
Songkhla,Krabi,4,0.4840951046020929,South,South,True,201.17561659566317,0.6259360882541019,0.6064451811984419,0.624484168879774,0.07951498007605376
Songkhla,Satun,5,0.4656319962252732,South,South,True,99.44851981314608,0.654539920671384,0.5709579641627538,0.5575151199909012,0.07951498007605376
Sukhothai,Uttaradit,1,0.5844341439105581,North,North,True,77.62339170533211,0.6106835921091267,0.603986706243584,0.7220968675808253,0.4009694097086966
Sukhothai,Phichit,2,0.5752373745818504,North,North,True,115.44509430463276,0.724592598772228,0.7320103187173468,0.4649081672236347,0.37943841361419206
Sukhothai,Phitsanulok,3,0.529536410874391,North,North,True,68.83397940397185,0.7375345321299074,0.594352230912022,0.504903873506422,0.2813550069492121
Sukhothai,Kamphaeng Phet,4,0.5190901955567138,North,North,True,87.72904577563433,0.5881320415226365,0.546050335867031,0.6340810302195069,0.3080973746176804
Sukhothai,Phetchabun,5,0.4980326168233523,North,North,True,170.41473837363858,0.5966083079837707,0.5514059135040109,0.5360188711879472,0.3080973746176804
Suphan Buri,Chai Nat,1,0.5813949063111957,Central,Central,True,68.87544912542054,0.7370243639182252,0.6140997096782709,0.6537920211010517,0.3206635305472352
Suphan Buri,Saraburi,2,0.5693537736893873,Central,Central,True,93.79935413096388,0.5230144120277188,0.5369256575318379,0.9083020610610848,0.309172964136908
Suphan Buri,Phra Nakhon Si Ayutthaya,3,0.5516334882618491,Central,Central,True,58.407509395766105,0.557476135546088,0.5820446640003636,0.8430624779246746,0.22395067557627044
Suphan Buri,Nakhon Pathom,4,0.5498104445852663,Central,Central,True,74.57395678053187,0.4931068696064609,0.598878543607032,0.7686319432973865,0.33862442183018576
Suphan Buri,Sing Buri,5,0.5450343152118364,Central,Central,True,53.43436889493011,0.708016095537564,0.42270222472231467,0.6684932949520002,0.38092564563546716
Surat Thani,Chumphon,1,0.7482083892855564,South,South,True,125.2393932376794,0.6036377875122964,0.5707602422822161,0.8184355273477135,1.0
Surat Thani,Krabi,2,0.7443329918651393,South,South,True,145.12207678523131,0.6447909192097203,0.6940920883210794,0.638448959929758,1.0
Surat Thani,Narathiwat,3,0.6864112615635922,South,South,True,421.5801794036094,0.5393583712490577,0.6105140485762653,0.5957726264290455,1.0
Surat Thani,Satun,4,0.6794990328354377,South,South,True,283.89109315821105,0.5702636428134679,0.5433386641208224,0.6043938244074605,1.0
Surat Thani,Trang,5,0.6674192098920346,South,South,True,195.11662120581775,0.5893086048720388,0.585031407454667,0.4953368272414326,1.0
Surin,Udon Thani,1,0.6352623132070585,Northeast,Northeast,True,287.48777735159064,0.7270292858629348,0.49682986826526326,0.7721442935113556,0.5450458051886805
Surin,Si Sa Ket,2,0.633097469646958,Northeast,Northeast,True,70.67510342066096,0.6026696920917283,0.6147518570035531,0.7541269103270857,0.5608414191654651
Surin,Khon Kaen,3,0.6304286009167712,Northeast,Northeast,True,194.77414098353108,0.6056322380870659,0.5716021859544993,0.743003445555725,0.6014765340697945
Surin,Sakon Nakhon,4,0.6191210377095573,Northeast,Northeast,True,274.5578368408813,0.6697302813771229,0.5185498266294106,0.6673952675378507,0.620808775293845
Surin,Maha Sarakham,5,0.6067020512337611,Northeast,Northeast,True,127.8986670906023,0.6502811296421329,0.5855529483781285,0.69646003774474,0.4945140891700432
Tak,Lampang,1,0.47759835206301493,North,North,True,182.3158883347946,0.610224784825639,0.4545182441838681,0.4524401924341849,0.3932101868083678
Tak,Uthai Thani,2,0.477510173414012,North,North,True,193.43563574438969,0.39476331835017414,0.5205885931303911,0.5714548384758037,0.42323394369967887
Tak,Phetchabun,3,0.4668996762183375,North,North,True,250.96941436814845,0.4900518177105975,0.6325944508965203,0.6337014250302272,0.11125101123600471
Tak,Phrae,4,0.45879718890247695,North,North,True,198.4115253118381,0.5445203271635373,0.36760086501532574,0.4771276656716259,0.44593989775941884
Tak,Maha Sarakham,5,0.43849962630503375,North,Northeast,False,474.3858572919577,0.5272725909643415,0.4318476813727882,0.36470336504867734,0.43017486783432796
Trang,Narathiwat,1,0.75788299869352,South,South,True,279.4734843122312,0.5465493564427316,0.8119937044910172,0.6729889338403313,1.0
Trang,Satun,2,0.7370273088327597,South,South,True,89.31285441516415,0.6170678187946986,0.6542041024026608,0.6768373141336796,1.0
Trang,Pattani,3,0.7206560350252094,South,South,True,214.9376587525338,0.5863437212583207,0.5796856207329064,0.7165947981096102,1.0
Trang,Phang-nga,4,0.6799563852870729,South,South,True,192.4167655931814,0.5807997364567499,0.5535414251844377,0.5854843795071041,1.0
Trang,Ranong,5,0.6771140915816101,South,South,True,284.0780099506936,0.5700986239005057,0.5775018683281055,0.5608558740978289,1.0
Trat,Amnat Charoen,1,0.5884569035009166,East,Northeast,False,479.9290197793111,0.31291896081151394,0.5031186977357479,0.5377899554564044,1.0
Trat,Nakhon Phanom,2,0.5749784073296791,East,Northeast,False,616.8348310055119,0.357874282151693,0.41905056173763494,0.5229887854293884,1.0
Trat,Nong Khai,3,0.5648469426350449,East,Northeast,False,646.4719816357549,0.30532036083779107,0.4057286643567017,0.5483387453456866,1.0
Trat,Chanthaburi,4,0.5635225945583164,East,East,True,75.28059160310787,0.561253438307681,0.6597125647722927,0.7758175026201111,0.25730687253318063
Trat,Nakhon Nayok,5,0.5624636924492339,East,East,True,273.9708387438844,0.408574241506516,0.1724492571807048,0.6688312711097145,1.0
Ubon Ratchathani,Si Sa Ket,1,0.6877224586133474,Northeast,Northeast,True,83.34975680516217,0.7905535349106546,0.6830121641121631,0.8062433432309632,0.4710807921996084
Ubon Ratchathani,Buri Ram,2,0.6192433042161773,Northeast,Northeast,True,223.89570156342663,0.7648525603369234,0.647015333894949,0.6678835478232152,0.39722177480962173
Ubon Ratchathani,Maha Sarakham,3,0.6127783405580125,Northeast,Northeast,True,211.56941287328607,0.6877353820385823,0.603877101440884,0.7028835015007774,0.4566173772518063
Ubon Ratchathani,Khon Kaen,4,0.6110087844242399,Northeast,Northeast,True,285.4296921089873,0.6858085132177181,0.6073406880098609,0.7732110996762043,0.37767483679317626
Ubon Ratchathani,Surin,5,0.5984447060877437,Northeast,Northeast,True,149.9659722824696,0.5668116041367065,0.6068960178822429,0.7608635288201451,0.45920767351188035
Udon Thani,Khon Kaen,1,0.6960518155679741,Northeast,Northeast,True,121.36519111051136,0.6425665352306149,0.5944979495849828,0.8606923132989541,0.6864504641573447
Udon Thani,Nong Bua Lam Phu,2,0.6568553725306726,Northeast,Northeast,True,65.5080651048638,0.8222906775693576,0.572511126160674,0.6782023962417882,0.5544172901508709
Udon Thani,Sakon Nakhon,3,0.643534612009057,Northeast,Northeast,True,100.39949996510796,0.6933908640468122,0.7563588974603176,0.6681510760541264,0.4562376104749721
Udon Thani,Surin,4,0.6352623132070585,Northeast,Northeast,True,287.48777735159064,0.7270292858629348,0.49682986826526326,0.7721442935113556,0.5450458051886805
Udon Thani,Kalasin,5,0.6136301104615022,Northeast,Northeast,True,119.99901595569948,0.657335542661718,0.7025615879509999,0.6512095832212268,0.44341372801206413
Uthai Thani,Phetchabun,1,0.5589897541341159,North,North,True,172.1463166697863,0.6015489485693326,0.6353513964873446,0.7430309357950914,0.25602773568469506
Uthai Thani,Phichit,2,0.5552512945730637,North,North,True,114.9695101134814,0.5898447948094152,0.4581794953007925,0.7593693643371782,0.4136115238448689
Uthai Thani,Nakhon Sawan,3,0.5482222346483276,North,North,True,53.97397061686644,0.7460246858230563,0.47028269895337793,0.6856544121565649,0.29092714166031164
Uthai Thani,Suphan Buri,4,0.5194695236225293,North,Central,False,95.7846926111255,0.6056166885827794,0.5217101151350858,0.3701898111149651,0.5803614796572869
Uthai Thani,Kamphaeng Phet,5,0.49793189202675514,North,North,True,112.28043413913818,0.7573034673133071,0.6728261472730059,0.3055702178360128,0.25602773568469506
Uttaradit,Sukhothai,1,0.5844341439105581,North,North,True,77.62339170533211,0.6106835921091267,0.603986706243584,0.7220968675808253,0.4009694097086966
Uttaradit,Lampang,2,0.5352348005610891,North,North,True,117.5763725964749,0.6170143668511603,0.4774087566034049,0.5907634833090255,0.4557525954807656
Uttaradit,Phitsanulok,3,0.5183157364104298,North,North,True,84.55631595464291,0.6202923826259463,0.6459746037336531,0.42186962683762086,0.38512633244449923
Uttaradit,Phrae,4,0.5146011960464607,North,North,True,62.52010539367111,0.6932429659731602,0.3038593125161051,0.6550216536392937,0.40628085205728426
Uttaradit,Phetchabun,5,0.5064716010889525,North,North,True,173.0340987219422,0.6326748191467281,0.6163396923502208,0.45483460954911137,0.32203728330974957
Yala,Pattani,1,0.8149049543068483,South,South,True,42.20893121932572,0.8774271939147182,0.8226495852709325,0.8288978853880128,0.7306451526537294
Yala,Narathiwat,2,0.6823969656252035,South,South,True,57.06928943148836,0.5618591307179014,0.6057379231299141,0.8313456559992689,0.7306451526537294
Yala,Phang-nga,3,0.6723030092196924,South,South,True,414.7696855289757,0.6665623749664565,0.5968711681476497,0.695133341110934,0.7306451526537294
Yala,Trang,4,0.6541675144325534,South,South,True,224.0084779941892,0.5970204553364384,0.5867890256073427,0.7022154241327028,0.7306451526537294
Yala,Chumphon,5,0.6524395252585007,South,South,True,494.3451095894475,0.6510533772397162,0.6709016053881609,0.5571579657523962,0.7306451526537294
Yasothon,Chaiyaphum,1,0.6239762426888439,Northeast,Northeast,True,252.9093049821448,0.6068227930092415,0.6906951588407896,0.6196325717828743,0.57875444712247
Yasothon,Surin,2,0.6051123479653898,Northeast,Northeast,True,120.43146759333182,0.6136089720968265,0.5375438506946174,0.7814209417156622,0.48787562735445317
Yasothon,Sakon Nakhon,3,0.5985232630304372,Northeast,Northeast,True,181.3990485305338,0.6854230492628803,0.5085386035494535,0.7117048881731757,0.4884265111362397
Yasothon,Udon Thani,4,0.5924863730562447,Northeast,Northeast,True,231.29506465611323,0.6159507835444172,0.5184017938620655,0.7099831012272482,0.5256098135912479
Yasothon,Roi Et,5,0.5913976039272316,Northeast,Northeast,True,54.67759047604898,0.7545939143976641,0.5776191456973468,0.7397108762596478,0.2936664793542678
