year,region,rows,old_positive,updated_positive,disagreements,old_positive_updated_negative,old_negative_updated_positive,level,province
2016,Central,742,0,0,0,0,0,region,
2016,East,424,0,0,0,0,0,region,
2016,North,901,2,1,1,1,0,region,
2016,Northeast,1060,0,0,0,0,0,region,
2016,South,742,0,0,0,0,0,region,
2016,West,212,0,0,0,0,0,region,
2017,Central,742,10,5,5,5,0,region,
2017,East,424,3,2,1,1,0,region,
2017,North,901,25,13,12,12,0,region,
2017,Northeast,1060,27,12,15,15,0,region,
2017,South,742,0,0,0,0,0,region,
2017,West,212,0,0,0,0,0,region,
2018,Central,742,1,1,0,0,0,region,
2018,East,424,7,8,1,0,1,region,
2018,North,901,7,7,0,0,0,region,
2018,Northeast,1060,12,12,0,0,0,region,
2018,South,742,0,0,0,0,0,region,
2018,West,212,0,0,0,0,0,region,
2019,Central,742,6,4,2,2,0,region,
2019,East,424,9,8,3,2,1,region,
2019,North,901,54,45,15,12,3,region,
2019,Northeast,1060,40,34,6,6,0,region,
2019,South,742,39,28,11,11,0,region,
2019,West,212,0,0,0,0,0,region,
2020,Central,742,43,38,5,5,0,region,
2020,East,424,79,65,14,14,0,region,
2020,North,901,134,110,24,24,0,region,
2020,Northeast,1060,251,213,38,38,0,region,
2020,South,742,56,38,18,18,0,region,
2020,West,212,10,7,3,3,0,region,
2021,Central,742,2,1,1,1,0,region,
2021,East,424,28,25,9,6,3,region,
2021,North,901,130,113,17,17,0,region,
2021,Northeast,1060,128,108,22,21,1,region,
2021,South,742,57,49,26,17,9,region,
2021,West,212,14,12,6,4,2,region,
2016,Central,53,0,0,0,0,0,province,Ang Thong
2016,Central,53,0,0,0,0,0,province,Bangkok
2016,Central,53,0,0,0,0,0,province,Chai Nat
2016,Central,53,0,0,0,0,0,province,Lop Buri
2016,Central,53,0,0,0,0,0,province,Nakhon Pathom
2016,Central,53,0,0,0,0,0,province,Nonthaburi
2016,Central,53,0,0,0,0,0,province,Pathum Thani
2016,Central,53,0,0,0,0,0,province,Phra Nakhon Si Ayutthaya
2016,Central,53,0,0,0,0,0,province,Samut Prakarn
2016,Central,53,0,0,0,0,0,province,Samut Sakhon
2016,Central,53,0,0,0,0,0,province,Samut Songkhram
2016,Central,53,0,0,0,0,0,province,Saraburi
2016,Central,53,0,0,0,0,0,province,Sing Buri
2016,Central,53,0,0,0,0,0,province,Suphan Buri
2016,East,53,0,0,0,0,0,province,Chachoengsao
2016,East,53,0,0,0,0,0,province,Chanthaburi
2016,East,53,0,0,0,0,0,province,Chon Buri
2016,East,53,0,0,0,0,0,province,Nakhon Nayok
2016,East,53,0,0,0,0,0,province,Prachin Buri
2016,East,53,0,0,0,0,0,province,Rayong
2016,East,53,0,0,0,0,0,province,Sa kaeo
2016,East,53,0,0,0,0,0,province,Trat
2016,North,53,0,0,0,0,0,province,Chiang Mai
2016,North,53,0,0,0,0,0,province,Chiang Rai
2016,North,53,0,0,0,0,0,province,Kamphaeng Phet
2016,North,53,0,0,0,0,0,province,Lampang
2016,North,53,0,0,0,0,0,province,Lamphun
2016,North,53,0,0,0,0,0,province,Mae Hong Son
2016,North,53,0,0,0,0,0,province,Nakhon Sawan
2016,North,53,0,0,0,0,0,province,Nan
2016,North,53,0,0,0,0,0,province,Phayao
2016,North,53,0,0,0,0,0,province,Phetchabun
2016,North,53,0,0,0,0,0,province,Phichit
2016,North,53,0,0,0,0,0,province,Phitsanulok
2016,North,53,0,0,0,0,0,province,Phrae
2016,North,53,2,1,1,1,0,province,Sukhothai
2016,North,53,0,0,0,0,0,province,Tak
2016,North,53,0,0,0,0,0,province,Uthai Thani
2016,North,53,0,0,0,0,0,province,Uttaradit
2016,Northeast,53,0,0,0,0,0,province,Amnat Charoen
2016,Northeast,53,0,0,0,0,0,province,Bueng Kan
2016,Northeast,53,0,0,0,0,0,province,Buri Ram
2016,Northeast,53,0,0,0,0,0,province,Chaiyaphum
2016,Northeast,53,0,0,0,0,0,province,Kalasin
2016,Northeast,53,0,0,0,0,0,province,Khon Kaen
2016,Northeast,53,0,0,0,0,0,province,Loei
2016,Northeast,53,0,0,0,0,0,province,Maha Sarakham
2016,Northeast,53,0,0,0,0,0,province,Mukdahan
2016,Northeast,53,0,0,0,0,0,province,Nakhon Phanom
2016,Northeast,53,0,0,0,0,0,province,Nakhon Ratchasima
2016,Northeast,53,0,0,0,0,0,province,Nong Bua Lam Phu
2016,Northeast,53,0,0,0,0,0,province,Nong Khai
2016,Northeast,53,0,0,0,0,0,province,Roi Et
2016,Northeast,53,0,0,0,0,0,province,Sakon Nakhon
2016,Northeast,53,0,0,0,0,0,province,Si Sa Ket
2016,Northeast,53,0,0,0,0,0,province,Surin
2016,Northeast,53,0,0,0,0,0,province,Ubon Ratchathani
2016,Northeast,53,0,0,0,0,0,province,Udon Thani
2016,Northeast,53,0,0,0,0,0,province,Yasothon
2016,South,53,0,0,0,0,0,province,Chumphon
2016,South,53,0,0,0,0,0,province,Krabi
2016,South,53,0,0,0,0,0,province,Nakhon Si Thammarat
2016,South,53,0,0,0,0,0,province,Narathiwat
2016,South,53,0,0,0,0,0,province,Pattani
2016,South,53,0,0,0,0,0,province,Phang-nga
2016,South,53,0,0,0,0,0,province,Phatthalung
2016,South,53,0,0,0,0,0,province,Phuket
2016,South,53,0,0,0,0,0,province,Ranong
2016,South,53,0,0,0,0,0,province,Satun
2016,South,53,0,0,0,0,0,province,Songkhla
2016,South,53,0,0,0,0,0,province,Surat Thani
2016,South,53,0,0,0,0,0,province,Trang
2016,South,53,0,0,0,0,0,province,Yala
2016,West,53,0,0,0,0,0,province,Kanchanaburi
2016,West,53,0,0,0,0,0,province,Phetchaburi
2016,West,53,0,0,0,0,0,province,Prachuap Khiri Khan
2016,West,53,0,0,0,0,0,province,Ratchaburi
2017,Central,53,0,0,0,0,0,province,Ang Thong
2017,Central,53,2,1,1,1,0,province,Bangkok
2017,Central,53,0,0,0,0,0,province,Chai Nat
2017,Central,53,0,0,0,0,0,province,Lop Buri
2017,Central,53,2,1,1,1,0,province,Nakhon Pathom
2017,Central,53,2,1,1,1,0,province,Nonthaburi
2017,Central,53,0,0,0,0,0,province,Pathum Thani
2017,Central,53,2,1,1,1,0,province,Phra Nakhon Si Ayutthaya
2017,Central,53,0,0,0,0,0,province,Samut Prakarn
2017,Central,53,0,0,0,0,0,province,Samut Sakhon
2017,Central,53,0,0,0,0,0,province,Samut Songkhram
2017,Central,53,0,0,0,0,0,province,Saraburi
2017,Central,53,0,0,0,0,0,province,Sing Buri
2017,Central,53,2,1,1,1,0,province,Suphan Buri
2017,East,53,0,0,0,0,0,province,Chachoengsao
2017,East,53,0,0,0,0,0,province,Chanthaburi
2017,East,53,0,0,0,0,0,province,Chon Buri
2017,East,53,0,0,0,0,0,province,Nakhon Nayok
2017,East,53,3,2,1,1,0,province,Prachin Buri
2017,East,53,0,0,0,0,0,province,Rayong
2017,East,53,0,0,0,0,0,province,Sa kaeo
2017,East,53,0,0,0,0,0,province,Trat
2017,North,53,0,0,0,0,0,province,Chiang Mai
2017,North,53,0,0,0,0,0,province,Chiang Rai
2017,North,53,0,0,0,0,0,province,Kamphaeng Phet
2017,North,53,4,2,2,2,0,province,Lampang
2017,North,53,0,0,0,0,0,province,Lamphun
2017,North,53,0,0,0,0,0,province,Mae Hong Son
2017,North,53,0,0,0,0,0,province,Nakhon Sawan
2017,North,53,0,0,0,0,0,province,Nan
2017,North,53,0,0,0,0,0,province,Phayao
2017,North,53,0,0,0,0,0,province,Phetchabun
2017,North,53,5,3,2,2,0,province,Phichit
2017,North,53,2,1,1,1,0,province,Phitsanulok
2017,North,53,2,1,1,1,0,province,Phrae
2017,North,53,0,0,0,0,0,province,Sukhothai
2017,North,53,2,1,1,1,0,province,Tak
2017,North,53,10,5,5,5,0,province,Uthai Thani
2017,North,53,0,0,0,0,0,province,Uttaradit
2017,Northeast,53,0,0,0,0,0,province,Amnat Charoen
2017,Northeast,53,4,2,2,2,0,province,Bueng Kan
2017,Northeast,53,2,1,1,1,0,province,Buri Ram
2017,Northeast,53,0,0,0,0,0,province,Chaiyaphum
2017,Northeast,53,0,0,0,0,0,province,Kalasin
2017,Northeast,53,0,0,0,0,0,province,Khon Kaen
2017,Northeast,53,0,0,0,0,0,province,Loei
2017,Northeast,53,0,0,0,0,0,province,Maha Sarakham
2017,Northeast,53,7,3,4,4,0,province,Mukdahan
2017,Northeast,53,0,0,0,0,0,province,Nakhon Phanom
2017,Northeast,53,0,0,0,0,0,province,Nakhon Ratchasima
2017,Northeast,53,0,0,0,0,0,province,Nong Bua Lam Phu
2017,Northeast,53,2,0,2,2,0,province,Nong Khai
2017,Northeast,53,0,0,0,0,0,province,Roi Et
2017,Northeast,53,2,1,1,1,0,province,Sakon Nakhon
2017,Northeast,53,2,1,1,1,0,province,Si Sa Ket
2017,Northeast,53,2,1,1,1,0,province,Surin
2017,Northeast,53,6,3,3,3,0,province,Ubon Ratchathani
2017,Northeast,53,0,0,0,0,0,province,Udon Thani
2017,Northeast,53,0,0,0,0,0,province,Yasothon
2017,South,53,0,0,0,0,0,province,Chumphon
2017,South,53,0,0,0,0,0,province,Krabi
2017,South,53,0,0,0,0,0,province,Nakhon Si Thammarat
2017,South,53,0,0,0,0,0,province,Narathiwat
2017,South,53,0,0,0,0,0,province,Pattani
2017,South,53,0,0,0,0,0,province,Phang-nga
2017,South,53,0,0,0,0,0,province,Phatthalung
2017,South,53,0,0,0,0,0,province,Phuket
2017,South,53,0,0,0,0,0,province,Ranong
2017,South,53,0,0,0,0,0,province,Satun
2017,South,53,0,0,0,0,0,province,Songkhla
2017,South,53,0,0,0,0,0,province,Surat Thani
2017,South,53,0,0,0,0,0,province,Trang
2017,South,53,0,0,0,0,0,province,Yala
2017,West,53,0,0,0,0,0,province,Kanchanaburi
2017,West,53,0,0,0,0,0,province,Phetchaburi
2017,West,53,0,0,0,0,0,province,Prachuap Khiri Khan
2017,West,53,0,0,0,0,0,province,Ratchaburi
2018,Central,53,0,0,0,0,0,province,Ang Thong
2018,Central,53,0,0,0,0,0,province,Bangkok
2018,Central,53,0,0,0,0,0,province,Chai Nat
2018,Central,53,0,0,0,0,0,province,Lop Buri
2018,Central,53,0,0,0,0,0,province,Nakhon Pathom
2018,Central,53,0,0,0,0,0,province,Nonthaburi
2018,Central,53,0,0,0,0,0,province,Pathum Thani
2018,Central,53,0,0,0,0,0,province,Phra Nakhon Si Ayutthaya
2018,Central,53,0,0,0,0,0,province,Samut Prakarn
2018,Central,53,0,0,0,0,0,province,Samut Sakhon
2018,Central,53,0,0,0,0,0,province,Samut Songkhram
2018,Central,53,1,1,0,0,0,province,Saraburi
2018,Central,53,0,0,0,0,0,province,Sing Buri
2018,Central,53,0,0,0,0,0,province,Suphan Buri
2018,East,53,0,0,0,0,0,province,Chachoengsao
2018,East,53,0,0,0,0,0,province,Chanthaburi
2018,East,53,0,0,0,0,0,province,Chon Buri
2018,East,53,0,0,0,0,0,province,Nakhon Nayok
2018,East,53,1,1,0,0,0,province,Prachin Buri
2018,East,53,6,7,1,0,1,province,Rayong
2018,East,53,0,0,0,0,0,province,Sa kaeo
2018,East,53,0,0,0,0,0,province,Trat
2018,North,53,2,2,0,0,0,province,Chiang Mai
2018,North,53,1,1,0,0,0,province,Chiang Rai
2018,North,53,0,0,0,0,0,province,Kamphaeng Phet
2018,North,53,0,0,0,0,0,province,Lampang
2018,North,53,0,0,0,0,0,province,Lamphun
2018,North,53,0,0,0,0,0,province,Mae Hong Son
2018,North,53,1,1,0,0,0,province,Nakhon Sawan
2018,North,53,0,0,0,0,0,province,Nan
2018,North,53,0,0,0,0,0,province,Phayao
2018,North,53,0,0,0,0,0,province,Phetchabun
2018,North,53,0,0,0,0,0,province,Phichit
2018,North,53,0,0,0,0,0,province,Phitsanulok
2018,North,53,0,0,0,0,0,province,Phrae
2018,North,53,2,2,0,0,0,province,Sukhothai
2018,North,53,1,1,0,0,0,province,Tak
2018,North,53,0,0,0,0,0,province,Uthai Thani
2018,North,53,0,0,0,0,0,province,Uttaradit
2018,Northeast,53,0,0,0,0,0,province,Amnat Charoen
2018,Northeast,53,0,0,0,0,0,province,Bueng Kan
2018,Northeast,53,0,0,0,0,0,province,Buri Ram
2018,Northeast,53,0,0,0,0,0,province,Chaiyaphum
2018,Northeast,53,0,0,0,0,0,province,Kalasin
2018,Northeast,53,0,0,0,0,0,province,Khon Kaen
2018,Northeast,53,0,0,0,0,0,province,Loei
2018,Northeast,53,0,0,0,0,0,province,Maha Sarakham
2018,Northeast,53,0,0,0,0,0,province,Mukdahan
2018,Northeast,53,0,0,0,0,0,province,Nakhon Phanom
2018,Northeast,53,0,0,0,0,0,province,Nakhon Ratchasima
2018,Northeast,53,0,0,0,0,0,province,Nong Bua Lam Phu
2018,Northeast,53,0,0,0,0,0,province,Nong Khai
2018,Northeast,53,0,0,0,0,0,province,Roi Et
2018,Northeast,53,0,0,0,0,0,province,Sakon Nakhon
2018,Northeast,53,5,5,0,0,0,province,Si Sa Ket
2018,Northeast,53,2,2,0,0,0,province,Surin
2018,Northeast,53,3,3,0,0,0,province,Ubon Ratchathani
2018,Northeast,53,0,0,0,0,0,province,Udon Thani
2018,Northeast,53,2,2,0,0,0,province,Yasothon
2018,South,53,0,0,0,0,0,province,Chumphon
2018,South,53,0,0,0,0,0,province,Krabi
2018,South,53,0,0,0,0,0,province,Nakhon Si Thammarat
2018,South,53,0,0,0,0,0,province,Narathiwat
2018,South,53,0,0,0,0,0,province,Pattani
2018,South,53,0,0,0,0,0,province,Phang-nga
2018,South,53,0,0,0,0,0,province,Phatthalung
2018,South,53,0,0,0,0,0,province,Phuket
2018,South,53,0,0,0,0,0,province,Ranong
2018,South,53,0,0,0,0,0,province,Satun
2018,South,53,0,0,0,0,0,province,Songkhla
2018,South,53,0,0,0,0,0,province,Surat Thani
2018,South,53,0,0,0,0,0,province,Trang
2018,South,53,0,0,0,0,0,province,Yala
2018,West,53,0,0,0,0,0,province,Kanchanaburi
2018,West,53,0,0,0,0,0,province,Phetchaburi
2018,West,53,0,0,0,0,0,province,Prachuap Khiri Khan
2018,West,53,0,0,0,0,0,province,Ratchaburi
2019,Central,53,4,3,1,1,0,province,Ang Thong
2019,Central,53,0,0,0,0,0,province,Bangkok
2019,Central,53,0,0,0,0,0,province,Chai Nat
2019,Central,53,0,0,0,0,0,province,Lop Buri
2019,Central,53,0,0,0,0,0,province,Nakhon Pathom
2019,Central,53,0,0,0,0,0,province,Nonthaburi
2019,Central,53,0,0,0,0,0,province,Pathum Thani
2019,Central,53,0,0,0,0,0,province,Phra Nakhon Si Ayutthaya
2019,Central,53,0,0,0,0,0,province,Samut Prakarn
2019,Central,53,0,0,0,0,0,province,Samut Sakhon
2019,Central,53,0,0,0,0,0,province,Samut Songkhram
2019,Central,53,0,0,0,0,0,province,Saraburi
2019,Central,53,2,1,1,1,0,province,Sing Buri
2019,Central,53,0,0,0,0,0,province,Suphan Buri
2019,East,53,0,0,0,0,0,province,Chachoengsao
2019,East,53,6,5,1,1,0,province,Chanthaburi
2019,East,53,0,0,0,0,0,province,Chon Buri
2019,East,53,0,0,0,0,0,province,Nakhon Nayok
2019,East,53,3,2,1,1,0,province,Prachin Buri
2019,East,53,0,1,1,0,1,province,Rayong
2019,East,53,0,0,0,0,0,province,Sa kaeo
2019,East,53,0,0,0,0,0,province,Trat
2019,North,53,0,0,0,0,0,province,Chiang Mai
2019,North,53,0,0,0,0,0,province,Chiang Rai
2019,North,53,0,0,0,0,0,province,Kamphaeng Phet
2019,North,53,5,4,1,1,0,province,Lampang
2019,North,53,2,1,1,1,0,province,Lamphun
2019,North,53,0,0,0,0,0,province,Mae Hong Son
2019,North,53,2,1,1,1,0,province,Nakhon Sawan
2019,North,53,0,0,0,0,0,province,Nan
2019,North,53,0,0,0,0,0,province,Phayao
2019,North,53,0,0,0,0,0,province,Phetchabun
2019,North,53,0,0,0,0,0,province,Phichit
2019,North,53,0,0,0,0,0,province,Phitsanulok
2019,North,53,14,11,3,3,0,province,Phrae
2019,North,53,7,5,2,2,0,province,Sukhothai
2019,North,53,24,23,7,4,3,province,Tak
2019,North,53,0,0,0,0,0,province,Uthai Thani
2019,North,53,0,0,0,0,0,province,Uttaradit
2019,Northeast,53,0,0,0,0,0,province,Amnat Charoen
2019,Northeast,53,0,0,0,0,0,province,Bueng Kan
2019,Northeast,53,0,0,0,0,0,province,Buri Ram
2019,Northeast,53,8,7,1,1,0,province,Chaiyaphum
2019,Northeast,53,7,6,1,1,0,province,Kalasin
2019,Northeast,53,0,0,0,0,0,province,Khon Kaen
2019,Northeast,53,0,0,0,0,0,province,Loei
2019,Northeast,53,7,6,1,1,0,province,Maha Sarakham
2019,Northeast,53,3,2,1,1,0,province,Mukdahan
2019,Northeast,53,0,0,0,0,0,province,Nakhon Phanom
2019,Northeast,53,0,0,0,0,0,province,Nakhon Ratchasima
2019,Northeast,53,0,0,0,0,0,province,Nong Bua Lam Phu
2019,Northeast,53,0,0,0,0,0,province,Nong Khai
2019,Northeast,53,0,0,0,0,0,province,Roi Et
2019,Northeast,53,0,0,0,0,0,province,Sakon Nakhon
2019,Northeast,53,7,6,1,1,0,province,Si Sa Ket
2019,Northeast,53,8,7,1,1,0,province,Surin
2019,Northeast,53,0,0,0,0,0,province,Ubon Ratchathani
2019,Northeast,53,0,0,0,0,0,province,Udon Thani
2019,Northeast,53,0,0,0,0,0,province,Yasothon
2019,South,53,0,0,0,0,0,province,Chumphon
2019,South,53,0,0,0,0,0,province,Krabi
2019,South,53,5,4,1,1,0,province,Nakhon Si Thammarat
2019,South,53,0,0,0,0,0,province,Narathiwat
2019,South,53,0,0,0,0,0,province,Pattani
2019,South,53,0,0,0,0,0,province,Phang-nga
2019,South,53,0,0,0,0,0,province,Phatthalung
2019,South,53,0,0,0,0,0,province,Phuket
2019,South,53,0,0,0,0,0,province,Ranong
2019,South,53,0,0,0,0,0,province,Satun
2019,South,53,34,24,10,10,0,province,Songkhla
2019,South,53,0,0,0,0,0,province,Surat Thani
2019,South,53,0,0,0,0,0,province,Trang
2019,South,53,0,0,0,0,0,province,Yala
2019,West,53,0,0,0,0,0,province,Kanchanaburi
2019,West,53,0,0,0,0,0,province,Phetchaburi
2019,West,53,0,0,0,0,0,province,Prachuap Khiri Khan
2019,West,53,0,0,0,0,0,province,Ratchaburi
2020,Central,53,0,0,0,0,0,province,Ang Thong
2020,Central,53,0,0,0,0,0,province,Bangkok
2020,Central,53,0,0,0,0,0,province,Chai Nat
2020,Central,53,4,3,1,1,0,province,Lop Buri
2020,Central,53,14,12,2,2,0,province,Nakhon Pathom
2020,Central,53,0,0,0,0,0,province,Nonthaburi
2020,Central,53,0,0,0,0,0,province,Pathum Thani
2020,Central,53,16,14,2,2,0,province,Phra Nakhon Si Ayutthaya
2020,Central,53,0,0,0,0,0,province,Samut Prakarn
2020,Central,53,0,0,0,0,0,province,Samut Sakhon
2020,Central,53,0,0,0,0,0,province,Samut Songkhram
2020,Central,53,0,0,0,0,0,province,Saraburi
2020,Central,53,0,0,0,0,0,province,Sing Buri
2020,Central,53,9,9,0,0,0,province,Suphan Buri
2020,East,53,27,22,5,5,0,province,Chachoengsao
2020,East,53,9,7,2,2,0,province,Chanthaburi
2020,East,53,16,14,2,2,0,province,Chon Buri
2020,East,53,0,0,0,0,0,province,Nakhon Nayok
2020,East,53,13,11,2,2,0,province,Prachin Buri
2020,East,53,0,0,0,0,0,province,Rayong
2020,East,53,14,11,3,3,0,province,Sa kaeo
2020,East,53,0,0,0,0,0,province,Trat
2020,North,53,0,0,0,0,0,province,Chiang Mai
2020,North,53,15,12,3,3,0,province,Chiang Rai
2020,North,53,0,0,0,0,0,province,Kamphaeng Phet
2020,North,53,19,15,4,4,0,province,Lampang
2020,North,53,0,0,0,0,0,province,Lamphun
2020,North,53,0,0,0,0,0,province,Mae Hong Son
2020,North,53,0,0,0,0,0,province,Nakhon Sawan
2020,North,53,7,6,1,1,0,province,Nan
2020,North,53,17,15,2,2,0,province,Phayao
2020,North,53,0,0,0,0,0,province,Phetchabun
2020,North,53,0,0,0,0,0,province,Phichit
2020,North,53,6,4,2,2,0,province,Phitsanulok
2020,North,53,25,20,5,5,0,province,Phrae
2020,North,53,3,2,1,1,0,province,Sukhothai
2020,North,53,23,20,3,3,0,province,Tak
2020,North,53,7,7,0,0,0,province,Uthai Thani
2020,North,53,12,9,3,3,0,province,Uttaradit
2020,Northeast,53,0,0,0,0,0,province,Amnat Charoen
2020,Northeast,53,26,22,4,4,0,province,Bueng Kan
2020,Northeast,53,19,16,3,3,0,province,Buri Ram
2020,Northeast,53,2,1,1,1,0,province,Chaiyaphum
2020,Northeast,53,4,3,1,1,0,province,Kalasin
2020,Northeast,53,17,15,2,2,0,province,Khon Kaen
2020,Northeast,53,8,6,2,2,0,province,Loei
2020,Northeast,53,25,21,4,4,0,province,Maha Sarakham
2020,Northeast,53,9,7,2,2,0,province,Mukdahan
2020,Northeast,53,0,0,0,0,0,province,Nakhon Phanom
2020,Northeast,53,23,20,3,3,0,province,Nakhon Ratchasima
2020,Northeast,53,18,16,2,2,0,province,Nong Bua Lam Phu
2020,Northeast,53,0,0,0,0,0,province,Nong Khai
2020,Northeast,53,0,0,0,0,0,province,Roi Et
2020,Northeast,53,21,19,2,2,0,province,Sakon Nakhon
2020,Northeast,53,8,6,2,2,0,province,Si Sa Ket
2020,Northeast,53,13,10,3,3,0,province,Surin
2020,Northeast,53,34,29,5,5,0,province,Ubon Ratchathani
2020,Northeast,53,15,13,2,2,0,province,Udon Thani
2020,Northeast,53,9,9,0,0,0,province,Yasothon
2020,South,53,0,0,0,0,0,province,Chumphon
2020,South,53,0,0,0,0,0,province,Krabi
2020,South,53,26,15,11,11,0,province,Nakhon Si Thammarat
2020,South,53,0,0,0,0,0,province,Narathiwat
2020,South,53,0,0,0,0,0,province,Pattani
2020,South,53,0,0,0,0,0,province,Phang-nga
2020,South,53,5,3,2,2,0,province,Phatthalung
2020,South,53,0,0,0,0,0,province,Phuket
2020,South,53,0,0,0,0,0,province,Ranong
2020,South,53,0,0,0,0,0,province,Satun
2020,South,53,23,19,4,4,0,province,Songkhla
2020,South,53,0,0,0,0,0,province,Surat Thani
2020,South,53,0,0,0,0,0,province,Trang
2020,South,53,2,1,1,1,0,province,Yala
2020,West,53,0,0,0,0,0,province,Kanchanaburi
2020,West,53,0,0,0,0,0,province,Phetchaburi
2020,West,53,0,0,0,0,0,province,Prachuap Khiri Khan
2020,West,53,10,7,3,3,0,province,Ratchaburi
2021,Central,53,0,0,0,0,0,province,Ang Thong
2021,Central,53,0,0,0,0,0,province,Bangkok
2021,Central,53,0,0,0,0,0,province,Chai Nat
2021,Central,53,0,0,0,0,0,province,Lop Buri
2021,Central,53,0,0,0,0,0,province,Nakhon Pathom
2021,Central,53,0,0,0,0,0,province,Nonthaburi
2021,Central,53,0,0,0,0,0,province,Pathum Thani
2021,Central,53,0,0,0,0,0,province,Phra Nakhon Si Ayutthaya
2021,Central,53,0,0,0,0,0,province,Samut Prakarn
2021,Central,53,0,0,0,0,0,province,Samut Sakhon
2021,Central,53,0,0,0,0,0,province,Samut Songkhram
2021,Central,53,0,0,0,0,0,province,Saraburi
2021,Central,53,0,0,0,0,0,province,Sing Buri
2021,Central,53,2,1,1,1,0,province,Suphan Buri
2021,East,53,11,10,5,3,2,province,Chachoengsao
2021,East,53,13,13,2,1,1,province,Chanthaburi
2021,East,53,4,2,2,2,0,province,Chon Buri
2021,East,53,0,0,0,0,0,province,Nakhon Nayok
2021,East,53,0,0,0,0,0,province,Prachin Buri
2021,East,53,0,0,0,0,0,province,Rayong
2021,East,53,0,0,0,0,0,province,Sa kaeo
2021,East,53,0,0,0,0,0,province,Trat
2021,North,53,0,0,0,0,0,province,Chiang Mai
2021,North,53,6,4,2,2,0,province,Chiang Rai
2021,North,53,0,0,0,0,0,province,Kamphaeng Phet
2021,North,53,4,3,1,1,0,province,Lampang
2021,North,53,6,5,1,1,0,province,Lamphun
2021,North,53,0,0,0,0,0,province,Mae Hong Son
2021,North,53,0,0,0,0,0,province,Nakhon Sawan
2021,North,53,27,25,2,2,0,province,Nan
2021,North,53,19,15,4,4,0,province,Phayao
2021,North,53,0,0,0,0,0,province,Phetchabun
2021,North,53,0,0,0,0,0,province,Phichit
2021,North,53,0,0,0,0,0,province,Phitsanulok
2021,North,53,22,19,3,3,0,province,Phrae
2021,North,53,0,0,0,0,0,province,Sukhothai
2021,North,53,9,7,2,2,0,province,Tak
2021,North,53,37,35,2,2,0,province,Uthai Thani
2021,North,53,0,0,0,0,0,province,Uttaradit
2021,Northeast,53,0,0,0,0,0,province,Amnat Charoen
2021,Northeast,53,8,7,1,1,0,province,Bueng Kan
2021,Northeast,53,9,8,1,1,0,province,Buri Ram
2021,Northeast,53,0,0,0,0,0,province,Chaiyaphum
2021,Northeast,53,0,0,0,0,0,province,Kalasin
2021,Northeast,53,10,8,2,2,0,province,Khon Kaen
2021,Northeast,53,0,0,0,0,0,province,Loei
2021,Northeast,53,7,6,1,1,0,province,Maha Sarakham
2021,Northeast,53,6,5,1,1,0,province,Mukdahan
2021,Northeast,53,0,0,0,0,0,province,Nakhon Phanom
2021,Northeast,53,17,14,5,4,1,province,Nakhon Ratchasima
2021,Northeast,53,0,0,0,0,0,province,Nong Bua Lam Phu
2021,Northeast,53,0,0,0,0,0,province,Nong Khai
2021,Northeast,53,0,0,0,0,0,province,Roi Et
2021,Northeast,53,13,11,2,2,0,province,Sakon Nakhon
2021,Northeast,53,5,3,2,2,0,province,Si Sa Ket
2021,Northeast,53,5,4,1,1,0,province,Surin
2021,Northeast,53,25,22,3,3,0,province,Ubon Ratchathani
2021,Northeast,53,10,8,2,2,0,province,Udon Thani
2021,Northeast,53,13,12,1,1,0,province,Yasothon
2021,South,53,0,0,0,0,0,province,Chumphon
2021,South,53,0,0,0,0,0,province,Krabi
2021,South,53,11,9,2,2,0,province,Nakhon Si Thammarat
2021,South,53,0,0,0,0,0,province,Narathiwat
2021,South,53,22,22,8,4,4,province,Pattani
2021,South,53,0,0,0,0,0,province,Phang-nga
2021,South,53,0,0,0,0,0,province,Phatthalung
2021,South,53,0,0,0,0,0,province,Phuket
2021,South,53,0,0,0,0,0,province,Ranong
2021,South,53,0,0,0,0,0,province,Satun
2021,South,53,24,18,16,11,5,province,Songkhla
2021,South,53,0,0,0,0,0,province,Surat Thani
2021,South,53,0,0,0,0,0,province,Trang
2021,South,53,0,0,0,0,0,province,Yala
2021,West,53,0,0,0,0,0,province,Kanchanaburi
2021,West,53,9,9,4,2,2,province,Phetchaburi
2021,West,53,0,0,0,0,0,province,Prachuap Khiri Khan
2021,West,53,5,3,2,2,0,province,Ratchaburi
